Symbol,Series,Date,Prev Close,Open Price,High Price,Low Price,Last Price,Close Price,Average Price,Total Traded Quantity,Turnover,No. of Trades,Deliverable Qty,% Dly Qt to Traded Qty,Rolling Mean,Bollinger High,Bollinger Low,Bollinger Middle
TATAPOWER,EQ,2017-06-01,81.0,81.3,81.35,80.05,80.75,80.7,80.54,2767159,222861845.9,12183,1854477,67.02,82.15357142857142,85.51636886425003,78.79077399289282,82.15357142857142
TATAPOWER,EQ,2017-06-02,80.7,81.0,81.7,80.85,81.2,81.05,81.14,1447974,117491376.0,11053,880352,60.8,81.975,85.2834390928003,78.6665609071997,81.975
TATAPOWER,EQ,2017-06-05,81.05,81.45,81.55,80.55,81.0,81.0,80.98,2458920,199124669.4,9789,1815292,73.82,81.77142857142857,84.93022928974273,78.61262785311442,81.77142857142857
TATAPOWER,EQ,2017-06-06,81.0,81.0,81.05,79.25,79.3,79.6,79.81,3011010,240298418.9,12686,2259482,75.04,81.36071428571428,83.96106295210755,78.760365619321,81.36071428571428
TATAPOWER,EQ,2017-06-07,79.6,79.5,80.2,79.2,79.75,80.0,79.82,2020824,161303285.65,21068,1173215,58.06,81.09285714285714,83.3876194542816,78.79809483143268,81.09285714285714
TATAPOWER,EQ,2017-06-08,80.0,79.7,79.95,78.55,79.05,79.05,79.07,2330855,184307892.05,13154,1253932,53.8,80.72857142857141,82.4900019161688,78.96714094097403,80.72857142857141
TATAPOWER,EQ,2017-06-09,79.05,78.7,79.1,77.55,77.95,77.8,78.01,3785162,295272072.85,18107,2383471,62.97,80.42499999999998,82.61755734071149,78.23244265928848,80.42499999999998
TATAPOWER,EQ,2017-06-12,77.8,77.5,79.2,76.65,78.9,78.9,77.62,3119107,242117191.6,16161,1784631,57.22,80.31071428571428,82.64842472755484,77.97300384387373,80.31071428571428
TATAPOWER,EQ,2017-06-13,78.9,79.0,79.5,77.65,77.7,78.1,78.7,2322985,182821951.4,8860,1393413,59.98,80.15714285714284,82.77743560146251,77.53685011282317,80.15714285714284
TATAPOWER,EQ,2017-06-14,78.1,77.85,77.9,76.75,77.65,77.55,77.37,4060663,314186169.9,21298,2875491,70.81,79.95357142857141,82.91342181089051,76.9937210462523,79.95357142857141
TATAPOWER,EQ,2017-06-15,77.55,77.25,77.9,76.8,77.15,77.1,77.13,3411180,263096857.55,16399,2286207,67.02,79.67142857142855,82.9200292845675,76.4228278582896,79.67142857142855
TATAPOWER,EQ,2017-06-16,77.1,77.1,78.4,76.8,78.3,77.9,77.58,4329268,335872614.1,12344,3259465,75.29,79.43928571428569,82.69721770853009,76.18135372004129,79.43928571428569
TATAPOWER,EQ,2017-06-19,77.9,77.9,78.7,77.15,78.0,78.05,77.87,2691021,209553342.25,16505,1798914,66.85,79.12857142857139,81.97373312080357,76.28340973633921,79.12857142857139
TATAPOWER,EQ,2017-06-20,78.05,77.7,82.45,77.7,82.35,82.1,81.06,10963089,888661105.2,46025,3736432,34.08,79.20714285714281,82.32282456865845,76.09146114562718,79.20714285714281
TATAPOWER,EQ,2017-06-21,82.1,82.5,82.5,81.35,81.5,81.75,81.78,5082680,415670805.0,20528,2445722,48.12,79.28214285714282,82.59682050543508,75.96746520885056,79.28214285714282
TATAPOWER,EQ,2017-06-22,81.75,82.0,83.4,80.75,82.45,82.75,82.14,11286863,927101360.05,30993,4829886,42.79,79.40357142857138,83.09981989793233,75.70732295921043,79.40357142857138
TATAPOWER,EQ,2017-06-23,82.75,82.7,82.75,81.15,81.6,81.5,81.7,3436311,280758184.0,21976,1545504,44.98,79.43928571428567,83.21087557930156,75.66769584926979,79.43928571428567
TATAPOWER,EQ,2017-06-27,81.5,81.7,83.8,80.8,81.2,81.1,81.79,6031291,493313729.55,24534,3161014,52.41,79.54642857142854,83.42148971947502,75.67136742338205,79.54642857142854
TATAPOWER,EQ,2017-06-28,81.1,81.8,82.0,80.85,81.9,81.65,81.49,3192237,260130959.15,17579,1581809,49.55,79.66428571428568,83.69597338751954,75.63259804105182,79.66428571428568
TATAPOWER,EQ,2017-06-29,81.65,82.1,82.7,80.95,81.6,81.55,81.51,2374978,193593062.95,19078,1260861,53.09,79.84285714285711,83.97748709427539,75.70822719143884,79.84285714285711
TATAPOWER,EQ,2017-06-30,81.55,81.4,81.45,80.5,80.5,80.55,80.87,3999194,323420105.05,19590,2382207,59.57,80.03928571428568,84.01404813029704,76.06452329827432,80.03928571428568
TATAPOWER,EQ,2017-07-03,80.55,80.25,81.1,79.95,80.55,80.4,80.33,5308137,426397033.65,25846,3580555,67.45,80.14642857142853,84.06943061768663,76.22342652517042,80.14642857142853
TATAPOWER,EQ,2017-07-04,80.4,80.9,81.7,80.55,81.55,81.2,81.11,2415946,195953897.25,9875,1187362,49.15,80.36785714285712,84.14035012452104,76.5953641611932,80.36785714285712
TATAPOWER,EQ,2017-07-05,81.2,81.8,82.3,81.55,81.65,81.75,81.91,2227119,182413891.5,11015,781080,35.07,80.66785714285712,84.13031672726044,77.2053975584538,80.66785714285712
TATAPOWER,EQ,2017-07-06,81.75,82.3,82.5,81.85,81.95,81.95,82.02,1223744,100375977.35,7083,510283,41.7,81.0142857142857,83.85341574664761,78.1751556819238,81.0142857142857
TATAPOWER,EQ,2017-07-07,81.95,82.0,83.0,81.4,81.65,81.7,81.82,3227783,264106441.65,21295,1782372,55.22,81.28571428571426,83.5001524229708,79.07127614845773,81.28571428571426
TATAPOWER,EQ,2017-07-10,81.7,89.05,89.05,82.6,83.4,83.45,83.41,1442406,120304625.7,3828,1068781,74.1,81.67142857142856,83.24706728719981,80.09578985565732,81.67142857142856
TATAPOWER,EQ,2017-07-11,83.45,84.0,84.2,82.75,83.0,83.0,83.12,4536568,377084193.8,15122,3259739,71.85,81.73571428571428,83.45368651233159,80.01774205909697,81.73571428571428
TATAPOWER,EQ,2017-07-12,83.0,83.7,84.0,82.75,83.05,83.05,83.05,3279731,272380886.15,17982,2503801,76.34,81.82857142857142,83.68483495666061,79.97230790048224,81.82857142857142
TATAPOWER,EQ,2017-07-13,83.05,83.6,83.9,82.9,83.2,83.25,83.29,1882220,156762765.05,9919,1035271,55.0,81.86428571428571,83.81381369322297,79.91475773534846,81.86428571428571
TATAPOWER,EQ,2017-07-14,83.25,83.35,83.6,82.75,82.85,82.95,83.02,4106073,340896253.85,6757,3435624,83.67,81.96785714285714,83.9868466627206,79.94886762299369,81.96785714285714
TATAPOWER,EQ,2017-07-17,82.95,83.0,84.1,83.0,83.4,83.4,83.58,5230073,437130467.85,12665,2808753,53.7,82.13214285714287,84.22005942740982,80.04422628687591,82.13214285714287
TATAPOWER,EQ,2017-07-18,83.4,83.3,83.9,81.9,82.2,82.45,82.81,3271847,270940819.2,11713,1720494,52.58,82.18928571428572,84.26410862477466,80.11446280379677,82.18928571428572
TATAPOWER,EQ,2017-07-19,82.45,82.4,83.25,81.9,83.0,82.95,82.42,3930557,323940017.7,19358,2188340,55.68,82.28928571428573,84.36633190518292,80.21223952338853,82.28928571428573
TATAPOWER,EQ,2017-07-20,82.95,82.95,83.5,82.3,83.0,82.9,83.05,1375720,114251304.7,5453,694507,50.48,82.45714285714288,84.2947236844,80.61956202988577,82.45714285714288
TATAPOWER,EQ,2017-07-21,82.9,83.2,83.6,82.5,83.3,83.35,83.13,2135714,177552492.75,11381,1034685,48.45,82.66785714285716,84.12683842225246,81.20887586346186,82.66785714285716
TATAPOWER,EQ,2017-07-24,83.35,83.35,83.5,82.9,83.0,83.25,83.22,2111317,175713522.95,7274,1060860,50.25,82.81428571428572,84.02984419399041,81.59872723458102,82.81428571428572
TATAPOWER,EQ,2017-07-25,83.25,83.25,83.4,82.65,82.95,83.0,82.98,7554662,626866842.2,26896,6650244,88.03,82.90357142857144,83.95491802714358,81.8522248299993,82.90357142857144
TATAPOWER,EQ,2017-07-26,83.0,83.0,83.45,81.9,82.5,82.55,82.92,9530863,790319179.5,14157,7614411,79.89,82.94642857142857,83.87168469872438,82.02117244413276,82.94642857142857
TATAPOWER,EQ,2017-07-27,82.55,83.0,83.15,81.85,82.1,82.0,82.2,2646710,217549470.35,13825,1734357,65.53,82.96785714285714,83.77513856634143,82.16057571937286,82.96785714285714
TATAPOWER,EQ,2017-07-28,82.0,82.1,82.9,81.1,82.55,82.15,81.88,1689815,138370490.55,7757,747822,44.25,82.875,83.74035897397884,82.00964102602116,82.875
TATAPOWER,EQ,2017-07-31,82.15,81.9,82.7,81.1,82.0,82.0,81.86,2681618,219530572.85,12710,1474783,55.0,82.80357142857143,83.782160904622,81.82498195252086,82.80357142857143
TATAPOWER,EQ,2017-08-01,82.0,81.2,83.25,81.2,83.25,82.8,82.33,2365558,194756670.5,8956,1215801,51.4,82.78571428571429,83.75400268158714,81.81742588984145,82.78571428571429
TATAPOWER,EQ,2017-08-02,82.8,82.8,82.95,82.1,82.3,82.6,82.56,867025,71578832.05,5089,304685,35.14,82.73928571428571,83.67340691497758,81.80516451359385,82.73928571428571
TATAPOWER,EQ,2017-08-03,82.6,82.5,83.4,82.2,82.45,82.65,82.83,2966583,245722298.6,9273,1517249,51.14,82.71785714285714,83.64489306686181,81.79082121885247,82.71785714285714
TATAPOWER,EQ,2017-08-04,82.65,82.55,82.75,79.7,80.2,80.25,80.75,5298112,427822909.45,11693,2763158,52.15,82.49285714285713,84.0330155477258,80.95269873798847,82.49285714285713
TATAPOWER,EQ,2017-08-07,80.25,80.7,80.9,79.85,80.0,80.0,80.13,3124773,250381011.8,12752,2100299,67.21,82.31785714285714,84.35543003644966,80.28028424926461,82.31785714285714
TATAPOWER,EQ,2017-08-08,80.0,80.2,80.4,78.05,78.15,78.25,78.93,1840878,145292253.1,9155,795372,43.21,81.98214285714285,84.92064251169107,79.04364320259462,81.98214285714285
TATAPOWER,EQ,2017-08-09,78.25,78.3,78.3,77.15,77.95,77.8,77.77,2107243,163889597.15,11253,1255251,59.57,81.61785714285712,85.24904833178526,77.98666595392898,81.61785714285712
TATAPOWER,EQ,2017-08-10,77.8,77.0,77.8,75.8,77.0,76.7,76.98,10816439,832607919.7,20875,7433869,68.73,81.14285714285712,85.47091535781773,76.81479892789652,81.14285714285712
TATAPOWER,EQ,2017-08-11,76.7,76.45,77.1,75.85,76.7,76.55,76.42,4403984,336565734.8,12500,3212725,72.95,80.6642857142857,85.4465331054074,75.882038323164,80.6642857142857
TATAPOWER,EQ,2017-08-14,76.55,77.0,81.15,76.6,79.65,79.55,79.36,8120241,644444861.75,31099,1663389,20.48,80.41785714285712,85.0343171824008,75.80139710331343,80.41785714285712
TATAPOWER,EQ,2017-08-16,79.55,81.25,83.45,81.1,82.0,82.05,82.55,11428360,943378547.25,40270,2500956,21.88,80.38214285714284,84.93484402371288,75.82944169057279,80.38214285714284
TATAPOWER,EQ,2017-08-17,82.05,82.6,82.6,81.35,81.8,81.65,81.81,3774599,308782129.2,30140,1689492,44.76,80.35714285714285,84.87528698649804,75.83899872778765,80.35714285714285
TATAPOWER,EQ,2017-08-18,81.65,80.4,81.4,80.05,80.4,80.3,80.47,2900287,233378090.45,12871,942288,32.49,80.22499999999998,84.6239072069532,75.82609279304675,80.22499999999998
TATAPOWER,EQ,2017-08-21,80.3,80.65,80.85,80.0,80.3,80.2,80.32,2749000,220801815.4,13694,1219079,44.35,80.09642857142855,84.37544073020369,75.8174164126534,80.09642857142855
TATAPOWER,EQ,2017-08-22,80.2,81.0,81.5,79.65,80.1,80.05,80.34,2316424,186096302.45,9396,972308,41.97,79.89999999999998,83.88690163101435,75.9130983689856,79.89999999999998
TATAPOWER,EQ,2017-08-23,80.05,80.35,80.35,78.6,78.7,78.75,79.09,2065914,163389944.7,9450,558547,27.04,79.62499999999999,83.33086852687221,75.91913147312776,79.62499999999999
TATAPOWER,EQ,2017-08-24,78.75,79.7,80.8,78.8,79.05,79.15,79.66,7107291,566201246.95,28623,1616683,22.75,79.37499999999999,82.64884741902819,76.10115258097179,79.37499999999999
TATAPOWER,EQ,2017-08-28,79.15,79.3,79.7,78.45,79.0,78.85,78.96,2117665,167214622.3,11915,1030307,48.65,79.27499999999998,82.51910708350253,76.03089291649742,79.27499999999998
TATAPOWER,EQ,2017-08-29,78.85,78.35,78.4,76.75,77.0,76.95,77.49,4659510,361084772.3,22337,2090292,44.86,79.05714285714284,82.4953573183595,75.61892839592618,79.05714285714284
TATAPOWER,EQ,2017-08-30,76.95,77.5,78.0,77.05,77.8,77.65,77.6,2203355,170981387.1,8640,782782,35.53,79.0142857142857,82.51031171564762,75.5182597129238,79.0142857142857
TATAPOWER,EQ,2017-08-31,77.65,77.7,79.75,77.55,79.25,79.25,78.61,5439368,427610860.6,16601,2445094,44.95,79.11785714285713,82.5441372838258,75.69157700188846,79.11785714285713
TATAPOWER,EQ,2017-09-01,79.25,79.25,80.75,78.85,79.9,80.1,80.05,7004328,560721294.95,20469,2102415,30.02,79.36071428571427,82.5203585138438,76.20107005758473,79.36071428571427
TATAPOWER,EQ,2017-09-04,80.1,79.85,80.15,78.0,78.5,78.45,78.82,1847590,145635180.25,10821,390030,21.11,79.49642857142855,82.2764297572929,76.7164273855642,79.49642857142855
TATAPOWER,EQ,2017-09-05,78.45,79.0,79.0,78.0,78.3,78.35,78.47,1500822,117769142.2,6940,432675,28.83,79.41071428571426,82.25681244376773,76.5646161276608,79.41071428571426
TATAPOWER,EQ,2017-09-06,78.35,78.3,78.65,77.85,78.05,78.0,78.17,4084036,319247292.6,11220,2898805,70.98,79.12142857142855,81.61317318289898,76.62968395995813,79.12142857142855
TATAPOWER,EQ,2017-09-07,78.0,78.15,78.4,77.15,77.4,77.35,77.54,2557393,198292903.75,16500,1461169,57.14,78.81428571428569,81.00532641236961,76.62324501620176,78.81428571428569
TATAPOWER,EQ,2017-09-08,77.35,77.55,78.3,76.75,76.95,77.0,77.35,1894241,146528161.75,11215,635218,33.53,78.57857142857141,80.79102370036077,76.36611915678205,78.57857142857141
TATAPOWER,EQ,2017-09-11,77.0,78.0,81.0,77.9,80.9,80.6,79.58,7804066,621019567.75,32619,2079790,26.65,78.60714285714282,80.91793930421059,76.29634641007505,78.60714285714282
TATAPOWER,EQ,2017-09-12,80.6,81.2,81.8,80.7,80.8,81.0,81.26,5963630,484632706.0,18910,2100332,35.22,78.67499999999997,81.21294283744817,76.13705716255177,78.67499999999997
TATAPOWER,EQ,2017-09-13,81.0,85.0,86.7,83.5,85.05,84.8,85.33,31484628,2686671501.4,93698,9950599,31.6,79.10714285714282,83.25180710871282,74.96247860557281,79.10714285714282
TATAPOWER,EQ,2017-09-14,84.8,85.05,87.3,84.75,85.05,85.25,85.8,15122422,1297525314.8,67103,6247594,41.31,79.5428571428571,84.83157621750551,74.25413806820869,79.5428571428571
TATAPOWER,EQ,2017-09-15,85.25,84.95,84.95,83.8,84.25,84.3,84.27,6486746,546621833.0,29952,3116859,48.05,79.93214285714282,85.77450896671196,74.08977674757368,79.93214285714282
TATAPOWER,EQ,2017-09-18,84.3,85.0,85.25,83.35,83.6,83.7,84.4,3959456,334187446.75,19389,1816734,45.88,80.41428571428568,86.31036375513085,74.51820767344051,80.41428571428568
TATAPOWER,EQ,2017-09-19,83.7,83.8,85.65,82.5,84.45,84.6,84.28,6973722,587723844.3,23332,2702922,38.76,80.91071428571423,86.97221683762439,74.84921173380408,80.91071428571423
TATAPOWER,EQ,2017-09-20,84.6,86.0,86.2,83.75,83.9,84.0,84.76,6704318,568279112.9,32599,2579071,38.47,81.24999999999996,87.44143328752283,75.05856671247709,81.24999999999996
TATAPOWER,EQ,2017-09-21,84.0,83.9,84.4,82.85,82.95,83.1,83.43,3563888,297344188.45,12932,1402870,39.36,81.46428571428567,87.69182116598707,75.23675026258427,81.46428571428567
TATAPOWER,EQ,2017-09-22,83.1,82.9,82.9,80.1,80.4,80.4,81.37,3947805,321224967.15,18961,1682610,42.62,81.60357142857139,87.62449191604533,75.58265094109744,81.60357142857139
TATAPOWER,EQ,2017-09-25,80.4,81.7,82.5,80.35,82.0,81.85,81.69,9668182,789811489.8,42197,2878368,29.77,81.85357142857139,87.57579050938183,76.13135234776094,81.85357142857139
TATAPOWER,EQ,2017-09-26,81.85,82.9,82.9,79.65,79.85,79.95,80.68,7178936,579196245.25,33449,2294675,31.96,81.9928571428571,87.39710862349104,76.58860566222317,81.9928571428571
TATAPOWER,EQ,2017-09-27,79.95,80.35,80.5,77.8,78.3,78.15,79.24,5905731,467949317.45,24369,2366072,40.06,82.04999999999997,87.2560615558286,76.84393844417134,82.04999999999997
TATAPOWER,EQ,2017-09-28,78.15,78.5,78.75,76.85,77.95,77.25,77.34,42574215,3292629764.35,57890,24641636,57.88,82.06785714285711,87.20049885926502,76.93521542644919,82.06785714285711
TATAPOWER,EQ,2017-09-29,77.25,77.95,78.65,77.15,78.0,77.8,77.78,7966435,619596227.6,31378,4104051,51.52,81.86785714285712,87.44578164559482,76.28993264011942,81.86785714285712
TATAPOWER,EQ,2017-10-03,77.8,79.2,79.55,77.1,77.35,77.4,78.15,8461033,661268199.75,53177,4389732,51.88,81.61071428571427,87.67196302370021,75.54946554772832,81.61071428571427
TATAPOWER,EQ,2017-10-04,77.4,77.45,78.4,77.35,78.4,78.0,77.81,4682880,364396929.95,36432,2376610,50.75,81.12499999999999,87.17514303708853,75.07485696291144,81.12499999999999
TATAPOWER,EQ,2017-10-05,78.0,78.4,79.2,78.3,79.05,78.95,78.92,3315187,261639098.85,21987,1875657,56.58,80.67499999999998,86.32760321240782,75.02239678759214,80.67499999999998
TATAPOWER,EQ,2017-10-06,78.95,79.45,80.9,79.4,80.65,80.65,80.47,7199557,579356297.2,25150,4451297,61.83,80.41428571428571,85.6693826644898,75.15918876408162,80.41428571428571
TATAPOWER,EQ,2017-10-09,80.65,80.35,82.05,80.25,81.5,81.45,81.21,6239160,506686657.3,23007,2740654,43.93,80.25357142857142,85.20463414055786,75.30250871658498,80.25357142857142
TATAPOWER,EQ,2017-10-10,81.45,81.75,82.1,81.25,81.55,81.55,81.67,3898379,318375934.75,22834,1968033,50.48,80.03571428571429,84.39610039625171,75.67532817517687,80.03571428571429
TATAPOWER,EQ,2017-10-11,81.55,81.75,82.55,80.45,80.75,81.0,81.33,5318204,432511918.0,18911,2805015,52.74,79.82142857142857,83.59842662354812,76.04443051930902,79.82142857142857
TATAPOWER,EQ,2017-10-12,81.0,81.0,82.1,80.45,81.7,81.7,81.34,4280242,348142916.05,24164,1999686,46.72,79.72142857142858,83.18568879564666,76.2571683472105,79.72142857142858
TATAPOWER,EQ,2017-10-13,81.7,82.6,82.6,81.4,81.6,81.65,81.75,2469408,201873523.8,17298,966325,39.13,79.8107142857143,83.41203425129721,76.20939432013138,79.8107142857143
TATAPOWER,EQ,2017-10-16,81.65,82.0,82.25,81.35,81.85,81.95,81.78,2578188,210846406.35,16206,1577143,61.17,79.81785714285716,83.43695332047635,76.19876096523798,79.81785714285716
TATAPOWER,EQ,2017-10-17,81.95,81.95,82.1,81.5,81.9,81.6,81.67,3977209,324815180.95,24058,2897281,72.85,79.9357142857143,83.67869306068627,76.19273551074232,79.9357142857143
TATAPOWER,EQ,2017-10-18,81.6,81.8,82.1,81.05,81.9,81.9,81.72,3092776,252727313.15,36546,1853245,59.92,80.20357142857144,83.93276277950378,76.4743800776391,80.20357142857144
TATAPOWER,EQ,2017-10-19,81.9,82.55,82.55,81.05,81.4,81.5,81.82,536886,43927603.7,3708,288876,53.81,80.50714285714287,83.87505870271525,77.13922701157048,80.50714285714287
TATAPOWER,EQ,2017-10-23,81.5,82.0,82.05,81.2,81.7,81.75,81.63,1906801,155650873.05,20520,1069441,56.09,80.78928571428573,83.82577624206199,77.75279518650946,80.78928571428573
TATAPOWER,EQ,2017-10-24,81.75,82.0,82.5,81.55,82.05,82.15,82.08,1983329,162782346.1,11451,1003605,50.6,81.12857142857145,83.52847985173274,78.72866300541016,81.12857142857145
TATAPOWER,EQ,2017-10-25,82.15,82.5,83.8,81.85,82.3,82.25,82.56,6803458,561677104.1,21906,3837791,56.41,81.43214285714286,83.08678999259416,79.77749572169157,81.43214285714286
TATAPOWER,EQ,2017-10-26,82.25,82.7,83.3,82.0,82.15,82.15,82.47,7214920,595013700.15,23141,4143221,57.43,81.6607142857143,82.54142952951294,80.77999904191567,81.6607142857143
TATAPOWER,EQ,2017-10-27,82.15,82.5,85.7,82.35,85.35,85.1,84.65,7554777,639476405.4,31799,2876236,38.07,81.97857142857143,83.89317694556811,80.06396591157474,81.97857142857143
TATAPOWER,EQ,2017-10-30,85.1,86.0,87.45,85.35,86.0,85.95,86.39,5887950,508667590.55,20566,2613430,44.39,82.3,85.1262505741162,79.4737494258838,82.3
TATAPOWER,EQ,2017-10-31,85.95,86.35,86.35,84.6,85.15,84.9,85.23,3517881,299843324.9,18834,1669624,47.46,82.53928571428573,85.64540339283025,79.4331680357412,82.53928571428573
TATAPOWER,EQ,2017-11-01,84.9,85.7,86.2,84.4,85.05,85.2,85.21,3999344,340792119.5,11380,1880084,47.01,82.83928571428574,86.11182379573036,79.56674763284111,82.83928571428574
TATAPOWER,EQ,2017-11-02,85.2,85.2,85.7,84.05,84.8,84.8,84.91,3855149,327349052.75,17900,1597903,41.45,83.0607142857143,86.41955533387554,79.70187323755306,83.0607142857143
TATAPOWER,EQ,2017-11-03,84.8,85.95,88.5,83.7,84.25,84.5,86.31,23606567,2037439595.6,79846,5765124,24.42,83.26428571428572,86.60020412581069,79.92836730276075,83.26428571428572
TATAPOWER,EQ,2017-11-06,84.5,84.45,86.45,83.75,85.25,85.45,85.46,9048909,773364294.8,36533,3454251,38.17,83.51428571428572,86.94904661099775,80.07952481757368,83.51428571428572
TATAPOWER,EQ,2017-11-07,85.45,86.0,86.4,82.45,83.1,83.05,84.05,8529822,716962929.5,22603,4072701,47.75,83.61785714285715,86.8874388951864,80.34827539052789,83.61785714285715
TATAPOWER,EQ,2017-11-08,83.05,83.45,84.55,83.0,83.2,83.3,83.69,5729398,479466976.15,15450,3078959,53.74,83.71785714285714,86.84358343208409,80.5921308536302,83.71785714285714
TATAPOWER,EQ,2017-11-09,83.3,83.55,84.4,82.7,83.65,83.75,83.63,3733865,312249900.8,10951,1505208,40.31,83.87857142857142,86.73264120447281,81.02450165267003,83.87857142857142
TATAPOWER,EQ,2017-11-10,83.75,83.45,84.25,82.35,83.2,82.95,83.42,3201517,267063709.9,10232,1448618,45.25,83.96428571428571,86.60725274496814,81.32131868360328,83.96428571428571
TATAPOWER,EQ,2017-11-13,82.95,83.15,83.35,81.75,82.35,82.2,82.32,3917398,322497442.15,13559,1693321,43.23,83.96785714285714,86.6003777667392,81.33533651897508,83.96785714285714
TATAPOWER,EQ,2017-11-14,82.2,82.0,83.2,81.65,81.7,81.8,82.29,5252226,432205036.8,23015,2916448,55.53,83.93571428571428,86.66769822851772,81.20373034291084,83.93571428571428
TATAPOWER,EQ,2017-11-15,81.8,81.7,82.7,81.65,82.25,82.05,82.11,4310040,353910121.15,19188,2504439,58.11,83.92857142857142,86.68111271190999,81.17603014523284,83.92857142857142
TATAPOWER,EQ,2017-11-16,82.05,82.4,85.25,82.4,85.0,84.8,84.29,9687109,816553154.5,46995,3935181,40.62,83.90714285714284,86.62485035905208,81.18943535523361,83.90714285714284
TATAPOWER,EQ,2017-11-17,84.8,85.5,90.4,85.4,89.85,88.95,87.44,17486215,1528978494.2,42517,8781657,50.22,84.12142857142855,87.82666691852457,80.41619022433254,84.12142857142855
TATAPOWER,EQ,2017-11-20,88.95,89.0,92.4,89.0,91.6,91.7,91.46,22268784,2036741337.95,61120,7851130,35.26,84.60714285714285,90.10243554800485,79.11185016628085,84.60714285714285
TATAPOWER,EQ,2017-11-21,91.7,92.15,94.6,91.7,92.65,92.9,93.41,17274882,1613664650.55,64130,7453932,43.15,85.15714285714284,92.2244954397916,78.08979027449409,85.15714285714284
TATAPOWER,EQ,2017-11-22,92.9,92.75,93.4,90.45,93.25,93.05,92.15,10917988,1006075470.15,33141,3930927,36.0,85.74642857142855,93.96717758144665,77.52567956141046,85.74642857142855
TATAPOWER,EQ,2017-11-23,93.05,93.4,94.95,92.2,93.1,93.15,93.62,11289675,1056898891.45,40935,4019608,35.6,86.36428571428571,95.43752858901003,77.2910428395614,86.36428571428571
TATAPOWER,EQ,2017-11-24,93.15,93.1,94.35,92.6,93.75,93.65,93.32,6622336,618020665.9,18546,2976648,44.95,86.95,96.79487371485982,77.10512628514019,86.95
TATAPOWER,EQ,2017-11-27,93.65,93.4,95.8,92.5,95.75,95.25,94.31,11711838,1104585046.1,32220,5154482,44.01,87.82142857142857,98.31748748643338,77.32536965642376,87.82142857142857
TATAPOWER,EQ,2017-11-28,95.25,95.75,96.9,94.6,95.9,95.85,96.0,13765563,1321529401.25,43887,4405486,32.0,88.71785714285714,99.68365061043738,77.7520636752769,88.71785714285714
TATAPOWER,EQ,2017-11-29,95.85,95.7,97.1,94.5,94.6,95.05,95.96,12104211,1161545141.5,33589,4700300,38.83,89.52499999999999,100.57876719633482,78.47123280366516,89.52499999999999
TATAPOWER,EQ,2017-11-30,95.05,94.75,95.75,93.7,94.95,94.7,94.67,17098296,1618680787.0,40924,9137567,53.44,90.36428571428571,101.04557262691422,79.6829988016572,90.36428571428571
TATAPOWER,EQ,2017-12-01,94.7,94.85,95.6,89.7,90.05,90.25,92.6,7310376,676926092.1,21831,1987340,27.19,90.9392857142857,100.53930002288304,81.33927140568836,90.9392857142857
TATAPOWER,EQ,2017-12-04,90.25,91.0,91.85,89.25,90.05,89.85,90.51,4903439,443807618.2,17479,1183923,24.14,91.5142857142857,99.60135312717762,83.4272183013938,91.5142857142857
TATAPOWER,EQ,2017-12-05,89.85,89.75,89.9,88.1,88.9,88.9,88.8,4046457,359305860.05,14387,791327,19.56,92.00357142857142,98.24147841060332,85.76566444653952,92.00357142857142
TATAPOWER,EQ,2017-12-06,88.9,89.0,90.25,87.0,87.45,87.4,88.62,4891755,433504140.3,28604,1355308,27.71,92.18928571428572,97.6038215025317,86.77474992603973,92.18928571428572
TATAPOWER,EQ,2017-12-07,87.4,87.9,91.2,87.7,90.7,90.85,90.09,10031260,903705687.9,42564,2586444,25.78,92.325,97.47875143426151,87.1712485657385,92.325
TATAPOWER,EQ,2017-12-08,90.85,91.5,93.85,91.2,91.5,91.6,92.36,8248218,761804761.7,31219,2073901,25.14,92.31785714285714,97.47561562183532,87.16009866387895,92.31785714285714
TATAPOWER,EQ,2017-12-11,91.6,92.2,94.05,90.35,93.25,93.55,92.57,8217955,760705702.75,28599,2628114,31.98,92.36428571428569,97.55620674180938,87.172364686762,92.36428571428569
TATAPOWER,EQ,2017-12-12,93.55,92.85,93.0,90.15,90.7,90.55,91.43,5463807,499571258.25,16501,1613299,29.53,92.18571428571427,97.44754031731318,86.92388825411535,92.18571428571427
TATAPOWER,EQ,2017-12-13,90.55,90.55,91.65,89.9,90.3,90.25,90.48,7782576,704162732.45,19761,2303202,29.59,91.9785714285714,97.304807548834,86.65233530830879,91.9785714285714
TATAPOWER,EQ,2017-12-14,90.25,90.5,91.0,89.35,90.75,90.5,90.04,9796726,882098616.0,27960,5602960,57.19,91.75357142857139,97.04165153469593,86.46549132244685,91.75357142857139
TATAPOWER,EQ,2017-12-15,90.5,91.55,92.1,90.7,90.95,91.2,91.29,4984491,455015457.3,18741,1463122,29.35,91.46428571428568,96.35673335897671,86.57183806959465,91.46428571428568
TATAPOWER,EQ,2017-12-18,91.2,90.0,93.05,88.3,91.2,91.1,91.15,8374309,763352174.6,22051,2091810,24.98,91.12499999999997,95.31578659772732,86.93421340227262,91.12499999999997
TATAPOWER,EQ,2017-12-19,91.1,91.8,92.0,90.6,91.0,91.1,91.16,3616578,329704987.15,11730,1545678,42.74,90.84285714285711,94.37553038273923,87.310183902975,90.84285714285711
TATAPOWER,EQ,2017-12-20,91.1,91.0,91.9,90.55,90.85,90.85,91.06,4907711,446895642.1,15341,1865615,38.01,90.5678571428571,93.32036848367254,87.81534580204165,90.5678571428571
TATAPOWER,EQ,2017-12-21,90.85,90.85,91.7,90.6,90.95,91.0,91.05,4925527,448478838.1,31257,2236133,45.4,90.62142857142852,93.37648386494418,87.86637327791287,90.62142857142852
TATAPOWER,EQ,2017-12-22,91.0,91.3,93.85,90.95,92.65,92.75,92.82,12421581,1152983692.65,47307,4870404,39.21,90.8285714285714,93.76395615914461,87.89318669799817,90.8285714285714
TATAPOWER,EQ,2017-12-26,92.75,95.9,95.9,92.6,93.1,93.15,93.71,8476138,794338336.1,40967,2085512,24.6,91.13214285714282,94.08734873123021,88.17693698305544,91.13214285714282
TATAPOWER,EQ,2017-12-27,93.15,93.5,94.2,91.55,92.2,92.3,93.04,5456865,507705633.15,23495,1605291,29.42,91.4821428571428,93.56526445810476,89.39902125618084,91.4821428571428
TATAPOWER,EQ,2017-12-28,92.3,92.65,93.5,91.6,92.45,92.05,92.54,6436421,595619115.05,17209,3200257,49.72,91.5678571428571,93.6376423947636,89.49807189095058,91.5678571428571
TATAPOWER,EQ,2017-12-29,92.05,92.75,94.75,92.3,93.4,93.5,93.48,9494201,887521144.1,28265,4542843,47.85,91.7035714285714,94.01723129510768,89.38991156203511,91.7035714285714
TATAPOWER,EQ,2018-01-01,93.5,93.8,100.0,92.4,97.15,97.15,97.36,33659894,3277081194.15,90941,7120241,21.15,91.96071428571426,95.58651468995981,88.33491388146871,91.96071428571426
TATAPOWER,EQ,2018-01-02,97.15,98.25,100.25,96.15,99.6,99.7,98.42,29174233,2871204993.9,75668,8813769,30.21,92.61428571428569,98.01092691634229,87.21764451222909,92.61428571428569
TATAPOWER,EQ,2018-01-03,99.7,100.3,101.6,99.6,100.45,100.8,100.6,23056832,2319521984.05,63603,7495937,32.51,93.36785714285712,100.1187667274819,86.61694755823234,93.36785714285712
TATAPOWER,EQ,2018-01-04,100.8,100.95,101.0,99.25,99.5,99.6,99.74,6688043,667059168.5,22391,2310138,34.54,94.01785714285711,101.30996110671957,86.72575317899465,94.01785714285711
TATAPOWER,EQ,2018-01-05,99.6,99.8,101.8,99.3,99.4,99.55,100.38,11646646,1169078769.7,41950,4759461,40.87,94.61428571428567,102.27039725710178,86.95817417146957,94.61428571428567
TATAPOWER,EQ,2018-01-08,99.55,100.0,100.5,98.9,100.05,99.85,99.72,5874354,585799255.25,19968,2112121,35.95,95.23928571428567,103.08581150809817,87.39275992047317,95.23928571428567
TATAPOWER,EQ,2018-01-09,99.85,100.05,101.5,98.3,98.85,98.6,99.61,8661596,862809189.65,28884,1878368,21.69,95.77499999999996,103.4258169498425,88.12418305015743,95.77499999999996
TATAPOWER,EQ,2018-01-10,98.6,98.85,99.9,97.1,98.35,98.25,98.45,5961340,586890558.0,21081,1045627,17.54,96.3035714285714,103.49752875246621,89.1096141046766,96.3035714285714
TATAPOWER,EQ,2018-01-11,98.25,98.3,100.25,97.8,99.65,99.55,99.31,7143254,709414784.1,23308,2279388,31.91,96.91428571428568,103.60267158043479,90.22589984813658,96.91428571428568
TATAPOWER,EQ,2018-01-12,99.55,99.7,101.15,97.45,98.8,99.05,99.69,8351731,832575999.95,32955,1616916,19.36,97.36428571428567,103.6832959302837,91.04527549828764,97.36428571428567
TATAPOWER,EQ,2018-01-15,99.05,99.55,99.8,97.7,98.2,97.95,98.81,4943917,488517203.35,15199,2055001,41.57,97.70714285714281,103.54361401738964,91.87067169689598,97.70714285714281
TATAPOWER,EQ,2018-01-16,97.95,98.2,98.45,92.9,93.7,93.65,94.99,9672170,918737529.3,32570,3091653,31.96,97.8035714285714,103.28928213713226,92.31786072001054,97.8035714285714
TATAPOWER,EQ,2018-01-17,93.65,93.7,94.0,91.5,93.4,93.2,92.93,11511446,1069792658.4,27587,5833596,50.68,97.88571428571426,103.02372176713331,92.7477068042952,97.88571428571426
TATAPOWER,EQ,2018-01-18,93.2,93.9,94.25,90.05,90.5,90.6,92.47,8188295,757189049.85,25812,3613342,44.13,97.6785714285714,103.73074386570408,91.62639899143872,97.6785714285714
TATAPOWER,EQ,2018-01-19,90.6,90.7,92.5,90.2,92.05,92.2,91.53,4545029,415989370.95,14547,1169644,25.73,97.32499999999996,104.05104009686326,90.59895990313666,97.32499999999996
TATAPOWER,EQ,2018-01-22,92.2,92.6,92.75,91.25,92.1,92.1,91.71,3904900,358116733.7,13812,1402866,35.93,96.78214285714282,103.89795484312009,89.66633087116554,96.78214285714282
TATAPOWER,EQ,2018-01-23,92.1,92.25,93.4,91.75,92.45,92.5,92.44,4928177,455580778.7,19175,1734801,35.2,96.18928571428567,103.24588966665944,89.13268176191191,96.18928571428567
TATAPOWER,EQ,2018-01-24,92.5,92.25,92.9,90.85,91.35,91.8,91.79,4353614,399629697.9,15320,1728681,39.71,95.63214285714282,102.76005194130529,88.50423377298036,95.63214285714282
TATAPOWER,EQ,2018-01-25,91.8,91.85,92.6,89.55,89.95,89.95,90.7,10848150,983973950.75,29504,5761631,53.11,94.94642857142854,102.29442299018119,87.59843415267589,94.94642857142854
TATAPOWER,EQ,2018-01-29,89.95,90.1,91.15,89.45,89.9,90.05,90.27,4361006,393665911.5,19982,1631785,37.42,94.24642857142854,101.44786691982205,87.04499022303503,94.24642857142854
TATAPOWER,EQ,2018-01-30,90.05,88.65,91.4,88.15,90.55,90.6,89.95,6984202,628220621.0,17950,1859048,26.62,93.67499999999997,100.6545029578373,86.69549704216264,93.67499999999997
TATAPOWER,EQ,2018-01-31,90.6,90.4,91.2,88.55,88.95,89.0,89.7,5862598,525863888.45,21475,2792251,47.63,93.01428571428569,99.87851053705928,86.1500608915121,93.01428571428569
TATAPOWER,EQ,2018-02-01,89.0,89.0,90.85,87.75,89.65,89.7,89.66,9055967,811943468.35,53766,3726923,41.15,92.31071428571427,98.24551109662634,86.3759174748022,92.31071428571427
TATAPOWER,EQ,2018-02-02,89.7,88.4,88.7,84.15,84.8,84.8,86.12,6950966,598640980.7,32215,2168532,31.2,91.29285714285712,97.13591444886723,85.449799836847,91.29285714285712
TATAPOWER,EQ,2018-02-05,84.8,83.4,85.5,82.35,85.0,85.0,84.42,5165430,436061189.6,20190,1844640,35.71,90.36785714285712,95.75339434809585,84.98231993761839,90.36785714285712
TATAPOWER,EQ,2018-02-06,85.0,82.0,84.2,79.55,82.7,82.8,82.27,7742393,636983779.9,30112,2739699,35.39,89.59285714285711,95.97442400409078,83.21129028162345,89.59285714285711
TATAPOWER,EQ,2018-02-07,82.8,83.95,85.85,83.7,84.15,84.7,84.65,5612811,475136361.3,17901,1896702,33.79,88.98571428571425,95.50484926507471,82.4665793063538,88.98571428571425
TATAPOWER,EQ,2018-02-08,84.7,84.95,86.15,84.65,84.9,85.05,85.39,3975580,339474206.55,16155,1405619,35.36,88.58928571428568,95.35585268516752,81.82271874340384,88.58928571428568
TATAPOWER,EQ,2018-02-09,85.05,82.5,85.95,82.5,85.05,85.05,84.66,3539836,299669414.4,13822,996465,28.15,88.0785714285714,94.74983175070805,81.40731110643473,88.0785714285714
TATAPOWER,EQ,2018-02-12,85.05,85.5,87.35,85.5,86.6,86.75,86.5,3958245,342378108.25,15889,1318195,33.3,87.69642857142854,93.97685779312924,81.41599934972784,87.69642857142854
TATAPOWER,EQ,2018-02-14,86.75,87.5,88.9,86.45,86.7,87.1,87.3,8735379,762573341.6,25994,2036042,23.31,87.31071428571424,92.95097867823905,81.67044989318943,87.31071428571424
TATAPOWER,EQ,2018-02-15,87.1,88.8,88.8,85.6,86.55,86.25,86.97,4726842,411112113.2,16367,1386406,29.33,86.91428571428568,91.94227331775691,81.88629811081445,86.91428571428568
TATAPOWER,EQ,2018-02-16,86.25,86.5,87.4,85.85,86.7,86.65,86.55,3919700,339231883.65,16474,1099229,28.04,86.6785714285714,91.39315017404314,81.96399268309966,86.6785714285714
TATAPOWER,EQ,2018-02-19,86.65,86.7,86.85,85.0,85.9,86.1,85.83,3506211,300950876.8,15765,1337626,38.15,86.39642857142853,90.69642218246405,82.09643496039301,86.39642857142853
TATAPOWER,EQ,2018-02-20,86.1,86.1,86.8,85.55,86.15,86.4,86.29,2973442,256580034.05,15306,1200853,40.39,86.09642857142855,89.65526681871249,82.5375903241446,86.09642857142855
TATAPOWER,EQ,2018-02-21,86.4,86.5,87.1,84.6,86.3,86.35,86.09,6105693,525643506.05,18937,2508084,41.08,85.90714285714283,89.05939654247729,82.75488917180837,85.90714285714283
TATAPOWER,EQ,2018-02-22,86.35,86.2,87.2,83.45,83.75,84.9,84.98,11344724,964021818.9,17612,5976267,52.68,85.56428571428569,87.86994049244429,83.25863093612709,85.56428571428569
TATAPOWER,EQ,2018-02-23,84.9,85.0,86.45,84.5,85.7,85.75,85.58,6224406,532678419.1,13085,1727995,27.76,85.63214285714284,87.89645023735638,83.3678354769293,85.63214285714284
TATAPOWER,EQ,2018-02-26,85.75,85.85,87.1,85.6,85.9,85.9,86.25,5083760,438459665.6,10040,1909690,37.56,85.69642857142856,87.93437553090014,83.45848161195697,85.69642857142856
TATAPOWER,EQ,2018-02-27,85.9,86.35,86.9,85.3,85.4,85.65,86.09,3483539,299887048.4,8857,1367243,39.25,85.89999999999999,87.39974356782491,84.40025643217507,85.89999999999999
TATAPOWER,EQ,2018-02-28,85.65,85.55,85.8,84.25,84.45,84.5,84.82,3879178,329023231.85,16224,2150566,55.44,85.88571428571427,87.43760076621248,84.33382780521606,85.88571428571427
TATAPOWER,EQ,2018-03-01,84.5,85.0,85.95,83.95,84.5,84.3,84.92,6936315,589004192.6,21809,1335287,19.25,85.83214285714284,87.55109027337805,84.11319544090763,85.83214285714284
TATAPOWER,EQ,2018-03-05,84.3,84.3,84.3,81.4,82.4,82.15,82.45,5009614,413030313.0,14455,1757320,35.08,85.625,88.22374229935619,83.02625770064381,85.625
TATAPOWER,EQ,2018-03-06,82.15,82.6,83.15,81.1,81.55,81.75,82.23,4764070,391765080.8,12763,1353309,28.41,85.26785714285714,88.49814818543857,82.03756610027571,85.26785714285714
TATAPOWER,EQ,2018-03-07,81.75,81.2,81.7,79.0,79.05,79.2,79.93,3996821,319485447.55,11970,1116702,27.94,84.70357142857144,89.10347777123118,80.30366508591169,84.70357142857144
TATAPOWER,EQ,2018-03-08,79.2,78.6,80.4,77.0,79.4,79.9,78.74,8699087,684977331.7,31521,2457106,28.25,84.25000000000001,89.2336656265168,79.26633437348323,84.25000000000001
TATAPOWER,EQ,2018-03-09,79.9,80.0,81.6,79.8,80.0,80.0,80.31,5486959,440667305.3,16718,2107140,38.4,83.775,89.03336330195876,78.51663669804125,83.775
TATAPOWER,EQ,2018-03-12,80.0,80.55,81.05,79.95,80.6,80.85,80.36,3328605,267481231.3,9556,1414388,42.49,83.4,88.69281079898462,78.10718920101539,83.4
TATAPOWER,EQ,2018-03-13,80.85,80.8,82.25,80.4,81.0,81.35,81.19,5000216,405958379.95,11034,1000384,20.01,83.03928571428571,88.13606879797682,77.9425026305946,83.03928571428571
TATAPOWER,EQ,2018-03-14,81.35,81.25,81.4,79.85,80.4,80.4,80.47,3251098,261608201.25,7918,1042597,32.07,82.61428571428573,87.51019115760185,77.7183802709696,82.61428571428573
TATAPOWER,EQ,2018-03-15,80.4,80.6,81.2,80.0,80.1,80.25,80.27,3876762,311205264.6,7124,2052414,52.94,82.28214285714286,87.1408554347801,77.42343027950562,82.28214285714286
TATAPOWER,EQ,2018-03-16,80.25,80.25,80.65,79.7,80.25,79.95,80.01,9813941,785209315.6,15819,7331028,74.7,81.86785714285715,86.43304433134533,77.30266995436897,81.86785714285715
TATAPOWER,EQ,2018-03-19,79.95,79.95,80.5,78.85,79.7,79.55,79.47,4114695,326993484.4,28975,1922305,46.72,81.41428571428571,85.4892427355655,77.33932869300592,81.41428571428571
TATAPOWER,EQ,2018-03-20,79.55,78.8,80.55,78.8,80.1,80.35,80.05,2206517,176638842.35,11131,953520,43.21,81.03571428571426,84.32448973503378,77.74693883639475,81.03571428571426
TATAPOWER,EQ,2018-03-21,80.35,80.4,80.75,79.8,80.0,79.95,80.05,5279874,422673433.9,12773,3370514,63.84,80.71071428571427,83.36232586285881,78.05910270856974,80.71071428571427
TATAPOWER,EQ,2018-03-22,79.95,79.9,80.35,79.75,80.05,80.0,80.02,3112967,249102366.5,9507,1888142,60.65,80.40357142857142,82.08169505366642,78.72544780347643,80.40357142857142
TATAPOWER,EQ,2018-03-23,80.0,78.0,80.3,78.0,79.65,80.0,79.53,6418882,510476390.25,27448,4189158,65.26,80.24999999999999,81.60135259875317,78.8986474012468,80.24999999999999
TATAPOWER,EQ,2018-03-26,80.0,81.0,81.25,78.75,80.0,79.9,79.69,6556759,522532271.95,26219,1947008,29.69,80.11785714285713,81.16490952040178,79.07080476531249,80.11785714285713
TATAPOWER,EQ,2018-03-27,79.9,80.45,81.5,79.7,80.3,80.1,80.36,4073519,327334024.6,16709,1424537,34.97,80.18214285714284,81.08734758779707,79.2769381264886,80.18214285714284
TATAPOWER,EQ,2018-03-28,80.1,79.8,80.35,78.35,78.65,79.0,79.36,10620637,842874619.95,23369,6479954,61.01,80.11785714285712,81.21653266915737,79.01918161655686,80.11785714285712
TATAPOWER,EQ,2018-04-02,79.0,79.0,82.2,78.75,81.75,81.9,80.77,3657360,295420377.2,19189,1500965,41.04,80.2535714285714,81.70295553422369,78.80418732291912,80.2535714285714
TATAPOWER,EQ,2018-04-03,81.9,81.15,84.6,81.15,84.5,84.45,83.23,3298435,274528584.3,12078,1281724,38.86,80.51071428571427,83.17996326433976,77.84146530708878,80.51071428571427
TATAPOWER,EQ,2018-04-04,84.45,84.7,85.95,82.55,82.7,83.05,84.26,4973672,419084242.7,14926,1532602,30.81,80.63214285714285,83.60344330873463,77.66084240555108,80.63214285714285
TATAPOWER,EQ,2018-04-05,83.05,84.0,84.75,83.3,83.35,83.5,83.82,2956519,247811333.95,8782,1278368,43.24,80.85357142857141,84.18995922325094,77.51718363389189,80.85357142857141
TATAPOWER,EQ,2018-04-06,83.5,83.55,85.1,82.6,84.0,84.5,83.81,4231975,354691243.6,11918,1058808,25.02,81.15714285714284,84.99297736525568,77.32130834903,81.15714285714284
TATAPOWER,EQ,2018-04-09,84.5,84.15,85.4,83.95,85.0,85.0,84.67,1829399,154886449.7,10197,967481,52.89,81.51785714285712,85.78969824168432,77.24601604402993,81.51785714285712
TATAPOWER,EQ,2018-04-10,85.0,85.3,87.6,84.0,87.0,87.1,86.39,8597297,742685885.2,19578,2447793,28.47,82.05714285714284,87.09619910926887,77.0180866050168,82.05714285714284
TATAPOWER,EQ,2018-04-11,87.1,86.9,88.1,86.0,87.05,87.0,86.97,5792098,503751358.3,16940,2661020,45.94,82.53214285714284,88.10358199491834,76.96070371936734,82.53214285714284
TATAPOWER,EQ,2018-04-12,87.0,87.1,88.45,86.3,87.6,87.85,87.48,8423805,736926168.75,13729,3745348,44.46,83.09642857142855,89.12296786228015,77.06988928057694,83.09642857142855
TATAPOWER,EQ,2018-04-13,87.85,87.8,88.7,87.2,87.55,87.65,87.78,4719330,414267489.2,9499,2269164,48.08,83.64285714285712,89.84470018689325,77.441014098821,83.64285714285712
TATAPOWER,EQ,2018-04-16,87.65,86.85,88.25,85.65,87.45,87.8,87.23,2340628,204180257.15,7849,854584,36.51,84.19999999999997,90.39354502688094,78.006454973119,84.19999999999997
TATAPOWER,EQ,2018-04-17,87.8,87.85,88.1,87.0,87.15,87.45,87.37,3111160,271832433.45,15582,1407416,45.24,84.73928571428569,90.62723671891955,78.85133470965182,84.73928571428569
TATAPOWER,EQ,2018-04-18,87.45,87.55,88.35,87.1,87.5,87.65,87.67,3471674,304350001.35,8313,1551629,44.69,85.27857142857142,90.70070757953278,79.85643527761007,85.27857142857142
TATAPOWER,EQ,2018-04-19,87.65,87.85,88.55,86.5,86.6,86.8,87.22,7133021,622172643.75,12382,4537735,63.62,85.83571428571427,89.9155763820695,81.75585218935905,85.83571428571427
TATAPOWER,EQ,2018-04-20,86.8,86.8,86.9,85.5,85.75,85.9,86.07,4158260,357883998.15,8752,2703927,65.03,86.12142857142855,89.51683594150839,82.72602120134871,86.12142857142855
TATAPOWER,EQ,2018-04-23,85.9,85.5,86.1,84.6,85.45,85.4,85.27,4863546,414720452.4,11436,1878225,38.62,86.1892857142857,89.4770669561731,82.9015044723983,86.1892857142857
TATAPOWER,EQ,2018-04-24,85.4,85.4,86.25,84.55,85.25,85.25,85.16,5006507,426353028.5,8882,3471260,69.33,86.34642857142856,89.16462883884284,83.52822830401428,86.34642857142856
TATAPOWER,EQ,2018-04-25,85.25,85.1,86.95,84.75,86.25,86.05,85.36,3593228,306706285.35,12270,1600714,44.55,86.52857142857142,88.83798836654682,84.21915449059603,86.52857142857142
TATAPOWER,EQ,2018-04-26,86.05,86.0,87.2,84.9,85.1,86.05,85.69,3632913,311313656.75,10862,1475865,40.62,86.6392857142857,88.66039682204084,84.61817460653057,86.6392857142857
TATAPOWER,EQ,2018-04-27,86.05,85.9,88.6,85.2,87.45,87.8,87.13,6838988,595856505.55,11863,1780130,26.03,86.8392857142857,88.71018782965028,84.96838359892111,86.8392857142857
TATAPOWER,EQ,2018-04-30,87.8,87.85,89.15,87.1,87.85,88.3,88.08,6431222,566478469.1,15513,2099330,32.64,86.92499999999998,88.95089011775852,84.89910988224145,86.92499999999998
TATAPOWER,EQ,2018-05-02,88.3,88.75,89.55,86.3,87.0,87.0,87.82,5877657,516184874.2,17564,2070781,35.23,86.92499999999998,88.95089011775852,84.89910988224145,86.92499999999998
TATAPOWER,EQ,2018-05-03,87.0,88.0,88.75,84.9,86.85,86.15,86.19,8417244,725461869.45,25379,3035653,36.06,86.80357142857143,88.7941122463528,84.81303061079007,86.80357142857143
TATAPOWER,EQ,2018-05-04,86.15,86.1,86.55,83.4,84.35,85.45,85.05,8584365,730119468.9,17037,4196805,48.89,86.64642857142857,88.69561763644353,84.59723950641362,86.64642857142857
TATAPOWER,EQ,2018-05-07,85.45,84.9,86.15,84.35,84.85,85.1,85.29,6888782,587575611.25,20117,3461620,50.25,86.45357142857142,88.54290856516062,84.36423429198223,86.45357142857142
TATAPOWER,EQ,2018-05-08,85.1,85.2,86.2,82.7,83.95,84.25,84.42,6183895,522034183.25,12820,2934974,47.46,86.225,88.5334293694734,83.91657063052659,86.225
TATAPOWER,EQ,2018-05-09,84.25,84.0,84.6,82.9,82.95,83.35,83.8,4556128,381783548.1,8134,2882551,63.27,85.91785714285712,88.5333750774038,83.30233920831043,85.91785714285712
TATAPOWER,EQ,2018-05-10,83.35,83.35,83.75,80.85,81.6,82.0,81.92,5727033,469167148.1,12994,2365272,41.3,85.57499999999997,88.86408451139192,82.28591548860803,85.57499999999997
TATAPOWER,EQ,2018-05-11,82.0,81.8,82.4,80.8,81.3,81.9,81.72,4097448,334827725.2,8418,1168695,28.52,85.2892857142857,89.10890683352083,81.46966459505056,85.2892857142857
TATAPOWER,EQ,2018-05-14,81.9,81.6,82.0,80.35,81.5,81.55,81.26,7645061,621209994.2,12939,4046991,52.94,85.01428571428569,89.32267262845664,80.70589880011474,85.01428571428569
TATAPOWER,EQ,2018-05-15,81.55,81.35,82.1,80.35,81.15,81.25,81.27,4188197,340378698.35,12942,1756127,41.93,84.7285714285714,89.47761413141251,79.97952872573029,84.7285714285714
TATAPOWER,EQ,2018-05-16,81.25,80.7,81.5,80.5,81.05,81.25,81.05,2846781,230739851.1,12771,907409,31.87,84.38571428571426,89.4089569667888,79.36247160463972,84.38571428571426
TATAPOWER,EQ,2018-05-17,81.25,81.5,82.5,80.55,81.4,81.65,81.37,5906232,480603244.25,13485,2823101,47.8,84.07142857142856,89.19568675950066,78.94717038335645,84.07142857142856
TATAPOWER,EQ,2018-05-18,81.65,81.5,81.5,80.25,80.4,80.85,80.85,7138023,577103334.15,14511,3826431,53.61,83.57499999999997,88.48538929993589,78.66461070006406,83.57499999999997
TATAPOWER,EQ,2018-05-21,80.85,80.75,80.8,78.35,78.7,78.8,79.41,3399879,269970680.85,12540,1480720,43.55,82.89642857142856,87.61602182080533,78.17683532205179,82.89642857142856
TATAPOWER,EQ,2018-05-22,78.8,78.95,79.25,77.7,77.75,77.85,78.31,3793522,297057360.5,9272,980811,25.85,82.24285714285712,87.0479597420753,77.43775454363893,82.24285714285712
TATAPOWER,EQ,2018-05-23,77.85,78.0,78.55,77.05,77.1,77.45,77.73,2530994,196730400.75,9508,833366,32.93,81.62142857142854,86.49959252075273,76.74326462210435,81.62142857142854
TATAPOWER,EQ,2018-05-24,77.45,77.55,77.9,75.3,75.95,76.45,76.49,5298717,405319296.2,10841,2072949,39.12,80.9785714285714,86.05153358641843,75.90560927072437,80.9785714285714
TATAPOWER,EQ,2018-05-25,76.45,76.4,81.7,75.95,81.2,81.2,79.53,6118812,486618985.6,27188,1408021,23.01,80.69999999999997,85.19324278992728,76.20675721007267,80.69999999999997
TATAPOWER,EQ,2018-05-28,81.2,81.25,83.0,80.65,81.95,82.3,81.99,3655542,299715281.75,8936,1345006,36.79,80.56071428571427,84.6857184482167,76.43571012321183,80.56071428571427
TATAPOWER,EQ,2018-05-29,82.3,82.0,84.35,81.6,82.75,83.5,83.02,7252300,602116359.65,12646,2849084,39.29,80.57142857142856,84.72829763835422,76.41455950450289,80.57142857142856
TATAPOWER,EQ,2018-05-30,83.5,82.45,84.0,81.5,82.2,82.45,82.53,5164168,426212762.35,14306,2321072,44.95,80.60357142857141,84.81463091259975,76.39251194454307,80.60357142857141
TATAPOWER,EQ,2018-05-31,82.45,82.45,83.2,79.85,80.5,81.3,81.63,9109367,743587950.35,34116,5317313,58.37,80.56071428571427,84.72691132884616,76.39451724258238,80.56071428571427
TATAPOWER,EQ,2018-06-01,81.3,80.65,81.25,78.3,79.55,79.6,79.76,3087156,246242283.35,16084,942639,30.53,80.42142857142855,84.57552095322347,76.26733618963362,80.42142857142855
TATAPOWER,EQ,2018-06-04,79.6,79.65,80.05,76.6,77.25,77.2,78.43,2185214,171380652.4,14926,873646,39.98,80.13214285714284,84.59060191189037,75.6736838023953,80.13214285714284
TATAPOWER,EQ,2018-06-05,77.2,77.1,79.25,76.3,78.7,78.8,77.82,5406955,420751498.7,17387,2952116,54.6,79.95714285714283,84.41892193364087,75.49536378064478,79.95714285714283
TATAPOWER,EQ,2018-06-06,78.8,78.7,79.7,77.45,78.3,78.1,78.32,2849279,223167681.9,15362,1231211,43.21,79.7035714285714,84.15440787298814,75.25273498415464,79.7035714285714
TATAPOWER,EQ,2018-06-07,78.1,78.7,79.9,78.1,78.6,78.35,78.77,3366418,265187337.4,21441,1687546,50.13,79.52499999999996,83.97830473658901,75.07169526341092,79.52499999999996
TATAPOWER,EQ,2018-06-08,78.35,79.0,79.0,77.7,77.9,77.95,78.17,4045326,316233348.85,16680,2768556,68.44,79.46428571428568,83.98286761766929,74.94570381090207,79.46428571428568
TATAPOWER,EQ,2018-06-11,77.95,78.3,80.35,78.1,78.3,78.4,79.04,7365983,582217853.35,25838,3416179,46.38,79.5035714285714,83.97096858604921,75.0361742710936,79.5035714285714
TATAPOWER,EQ,2018-06-12,78.4,79.0,79.2,77.7,77.7,77.8,78.28,3505780,274428811.05,13853,1322822,37.73,79.5285714285714,83.95014690235142,75.10699595479137,79.5285714285714
TATAPOWER,EQ,2018-06-13,77.8,78.2,78.35,76.8,76.85,77.05,77.56,3049374,236521779.05,12734,1602859,52.56,79.57142857142854,83.87450694818243,75.26835019467465,79.57142857142854
TATAPOWER,EQ,2018-06-14,77.05,77.2,77.75,76.35,77.25,77.3,77.13,2956563,228028123.95,16672,1157243,39.14,79.2928571428571,83.64643341686791,74.9392808688463,79.2928571428571
TATAPOWER,EQ,2018-06-15,77.3,77.4,77.6,75.9,76.1,76.1,76.31,2703757,206336790.9,14085,1438437,53.2,78.84999999999995,83.14686826922586,74.55313173077404,78.84999999999995
TATAPOWER,EQ,2018-06-18,76.1,76.1,76.35,74.8,74.9,75.0,75.33,1857389,139911544.85,8909,728653,39.23,78.2428571428571,82.08770527286966,74.39800901284455,78.2428571428571
TATAPOWER,EQ,2018-06-19,75.0,74.6,74.85,73.05,73.15,73.4,73.76,3696735,272675350.85,28472,1022238,27.65,77.59642857142853,81.43739485324176,73.75546228961531,77.59642857142853
TATAPOWER,EQ,2018-06-20,73.4,73.35,74.5,72.8,73.9,73.85,73.73,3586906,264462861.35,15215,1603243,44.7,77.06428571428567,80.75636217224708,73.37220925632427,77.06428571428567
TATAPOWER,EQ,2018-06-21,73.85,74.8,75.2,73.9,74.45,74.55,74.62,2985501,222781597.2,12936,1040111,34.84,76.7035714285714,80.31433829485364,73.09280456228915,76.7035714285714
TATAPOWER,EQ,2018-06-22,74.55,75.1,76.35,75.0,76.25,76.15,75.81,3099772,234987819.55,15059,1042555,33.63,76.62857142857139,80.23853931372945,73.01860354341333,76.62857142857139
TATAPOWER,EQ,2018-06-25,76.15,76.75,77.3,76.0,76.2,76.35,76.44,4466618,341421860.05,20953,1242153,27.81,76.4535714285714,79.84075639222876,73.06638646491403,76.4535714285714
TATAPOWER,EQ,2018-06-26,76.35,76.55,76.55,75.0,75.15,75.1,75.55,2552275,192815529.2,12124,806050,31.58,76.23928571428567,79.55664763453115,72.9219237940402,76.23928571428567
TATAPOWER,EQ,2018-06-27,75.1,75.0,75.25,71.3,71.65,71.9,72.61,4334784,314744019.85,23630,1913554,44.14,75.7785714285714,79.58821794674226,71.96892491040053,75.7785714285714
TATAPOWER,EQ,2018-06-28,71.9,71.4,74.85,71.0,71.9,71.65,72.79,7471148,543861832.75,24375,2700103,36.14,75.32857142857141,79.50408876836897,71.15305408877384,75.32857142857141
TATAPOWER,EQ,2018-06-29,71.65,72.0,73.65,71.8,73.65,73.25,72.77,3668110,266921152.9,23340,1819216,49.6,74.96071428571426,78.86951669358058,71.05191187784794,74.96071428571426
TATAPOWER,EQ,2018-07-02,73.25,73.6,73.85,71.9,72.25,72.25,72.48,2632012,190764496.8,9318,1226820,46.61,74.56428571428569,78.35667253556372,70.77189889300766,74.56428571428569
TATAPOWER,EQ,2018-07-03,72.25,72.5,73.0,71.9,72.3,72.2,72.38,3149476,227964853.6,15593,1073137,34.07,74.21785714285713,77.91704772851456,70.5186665571997,74.21785714285713
TATAPOWER,EQ,2018-07-04,72.2,72.25,72.55,71.6,72.0,72.05,72.1,2327587,167808694.65,11030,1020527,43.84,73.84285714285713,77.24892799962514,70.43678628608912,73.84285714285713
TATAPOWER,EQ,2018-07-05,72.05,72.0,72.2,71.1,71.25,71.25,71.56,1328748,95084914.6,9143,469225,35.31,73.49642857142855,76.90015148470094,70.09270565815616,73.49642857142855
TATAPOWER,EQ,2018-07-06,71.25,71.2,72.35,71.0,71.7,71.75,71.87,1688831,121381763.55,7401,857146,50.75,73.2642857142857,76.66958217069738,69.85898925787403,73.2642857142857
TATAPOWER,EQ,2018-07-09,71.75,72.0,73.8,72.0,73.55,73.2,72.88,1713958,124911489.75,7895,768410,44.83,73.24999999999999,76.6545218799084,69.84547812009157,73.24999999999999
TATAPOWER,EQ,2018-07-10,73.2,73.75,74.1,72.75,72.95,73.05,73.26,1897237,138988328.0,7238,790155,41.65,73.19285714285714,76.58081253781849,69.80490174789578,73.19285714285714
TATAPOWER,EQ,2018-07-11,73.05,72.55,73.45,71.65,71.9,72.2,72.38,2829649,204804197.3,11753,1125425,39.77,73.02499999999999,76.35568484526343,69.69431515473656,73.02499999999999
TATAPOWER,EQ,2018-07-12,72.2,71.4,71.7,69.3,69.5,69.5,70.52,4361939,307618542.45,23538,1306245,29.95,72.55,75.85756708170916,69.24243291829083,72.55
TATAPOWER,EQ,2018-07-13,69.5,69.7,70.5,69.1,70.2,70.15,69.78,3113836,217280358.6,17015,1506348,48.38,72.10714285714285,74.83191727063141,69.38236844365429,72.10714285714285
TATAPOWER,EQ,2018-07-16,70.15,70.0,70.15,68.65,68.9,68.95,69.12,2182138,150834895.35,12387,1170871,53.66,71.66785714285713,74.2954056179604,69.04030866775386,71.66785714285713
TATAPOWER,EQ,2018-07-17,68.95,68.7,71.3,68.05,70.75,70.9,70.28,2621707,184253566.65,15621,830332,31.67,71.59642857142856,74.25102235049809,68.94183479235903,71.59642857142856
TATAPOWER,EQ,2018-07-18,70.9,70.9,71.8,68.9,70.15,70.0,70.23,4730154,332209426.7,14015,2775264,58.67,71.47857142857143,74.26610253518463,68.69104032195823,71.47857142857143
TATAPOWER,EQ,2018-07-19,70.0,70.2,70.45,67.6,68.5,68.2,69.03,2671048,184376937.8,24476,968705,36.27,71.11785714285713,74.20844014557846,68.0272741401358,71.11785714285713
TATAPOWER,EQ,2018-07-20,68.2,68.2,68.3,67.15,67.8,67.85,67.71,2467860,167093404.1,16381,916104,37.12,70.80357142857142,74.2702178429962,67.33692501414663,70.80357142857142
TATAPOWER,EQ,2018-07-23,67.85,67.9,68.7,66.55,68.0,68.05,67.7,3592808,243221162.65,10278,1672382,46.55,70.50714285714284,74.16392941258943,66.85035630169625,70.50714285714284
TATAPOWER,EQ,2018-07-24,68.05,68.2,69.0,67.25,67.85,67.8,67.79,8544903,579252160.3,13409,4800319,56.18,70.20357142857141,74.0111477393818,66.39599511776102,70.20357142857141
TATAPOWER,EQ,2018-07-25,67.8,68.1,69.45,67.5,67.8,67.8,68.47,2761319,189074514.6,13506,933668,33.81,69.95714285714283,73.91652453825296,65.9977611760327,69.95714285714283
TATAPOWER,EQ,2018-07-26,67.8,68.0,72.5,68.0,71.15,70.85,70.82,13063298,925197256.3,38953,1415482,10.84,69.89285714285711,73.75487278694402,66.0308414987702,69.89285714285711
TATAPOWER,EQ,2018-07-27,70.85,71.05,72.5,70.85,71.9,71.85,71.82,4748886,341073428.05,20634,1248031,26.28,69.79642857142854,73.35850754211599,66.23434960074108,69.79642857142854
TATAPOWER,EQ,2018-07-30,71.85,71.9,74.7,70.9,73.75,73.85,72.86,5228991,380983361.55,28352,1985051,37.96,69.85357142857139,73.65791394443784,66.04922891270493,69.85357142857139
TATAPOWER,EQ,2018-07-31,73.85,73.8,75.0,72.6,74.45,74.55,74.09,3593905,266287883.65,21479,1326575,36.91,70.02142857142852,74.43098363108963,65.6118735117674,70.02142857142852
TATAPOWER,EQ,2018-08-01,74.55,74.4,74.7,72.65,72.8,73.05,73.4,1910149,140198596.1,14785,672386,35.2,70.27499999999995,74.95535994671091,65.59464005328898,70.27499999999995
TATAPOWER,EQ,2018-08-02,73.05,73.0,73.1,71.4,71.85,71.95,72.06,2722659,196202234.7,19233,1254982,46.09,70.40357142857138,75.16729077148287,65.6398520856599,70.40357142857138
TATAPOWER,EQ,2018-08-03,71.95,71.85,73.2,71.85,72.3,72.35,72.43,2275783,164830133.8,7739,825221,36.26,70.64642857142852,75.4375203509259,65.85533679193114,70.64642857142852
TATAPOWER,EQ,2018-08-06,72.35,72.6,72.9,71.65,71.85,71.85,72.24,1936040,139862833.85,7708,954779,49.32,70.71428571428565,75.54757231251942,65.88099911605188,70.71428571428565
TATAPOWER,EQ,2018-08-07,71.85,72.0,72.1,70.05,70.2,70.3,70.71,2069542,146331461.3,11395,745286,36.01,70.73571428571424,75.55800684159597,65.9134217298325,70.73571428571424
TATAPOWER,EQ,2018-08-08,70.3,70.3,70.85,69.1,69.5,69.45,69.51,2391506,166225924.4,14370,1007125,42.11,70.82499999999995,75.48873076146029,66.1612692385396,70.82499999999995
TATAPOWER,EQ,2018-08-09,69.45,70.0,70.4,69.2,69.8,69.9,69.91,1540636,107703626.45,6279,390706,25.36,70.97142857142852,75.35298331581193,66.58987382704511,70.97142857142852
TATAPOWER,EQ,2018-08-10,69.9,69.9,71.15,69.0,69.2,69.35,69.96,2354841,164739888.7,11790,592126,25.15,71.06428571428567,75.22886687734913,66.89970455122221,71.06428571428567
TATAPOWER,EQ,2018-08-13,69.35,69.15,70.05,68.55,68.7,68.75,69.23,2145648,148533657.65,9703,599777,27.95,71.13214285714282,75.09361250340397,67.17067321088167,71.13214285714282
TATAPOWER,EQ,2018-08-14,68.75,69.05,69.55,68.6,68.7,68.75,68.94,1529387,105430365.4,7192,535235,35.0,71.19999999999996,74.94206853532687,67.45793146467305,71.19999999999996
TATAPOWER,EQ,2018-08-16,68.75,68.55,68.55,67.0,67.2,67.15,67.74,3007914,203744055.25,14544,1694370,56.33,70.93571428571425,75.26138516679563,66.61004340463288,70.93571428571425
TATAPOWER,EQ,2018-08-17,67.15,67.4,69.0,67.05,68.9,68.65,68.04,2814891,191513039.3,14744,751003,26.68,70.70714285714283,75.16098426616382,66.25330144812183,70.70714285714283
TATAPOWER,EQ,2018-08-20,68.65,68.9,70.35,68.5,70.05,70.05,69.59,1947407,135514863.7,9846,662476,34.02,70.43571428571425,74.51161504910067,66.35981352232784,70.43571428571425
TATAPOWER,EQ,2018-08-21,70.05,69.8,73.0,69.7,72.9,72.25,71.38,4051774,289220890.95,17436,1570160,38.75,70.27142857142853,73.77872081774989,66.76413632510717,70.27142857142853
TATAPOWER,EQ,2018-08-23,72.25,73.4,73.4,71.15,71.9,72.05,72.14,3874963,279547006.2,19475,1230071,31.74,70.19999999999996,73.49801805285081,66.90198194714911,70.19999999999996
TATAPOWER,EQ,2018-08-24,72.05,71.8,72.5,70.6,71.7,71.75,71.72,1880021,134826776.8,7038,455911,24.25,70.18571428571424,73.45266500970352,66.91876356172496,70.18571428571424
TATAPOWER,EQ,2018-08-27,71.75,71.8,76.6,71.8,75.65,75.6,74.88,8322360,623209288.15,29485,2620909,31.49,70.4178571428571,74.6627830084527,66.1729312772615,70.4178571428571
TATAPOWER,EQ,2018-08-28,75.6,75.4,76.75,73.85,74.6,74.85,75.37,6849642,516291747.45,27683,1508678,22.03,70.63214285714281,75.45238976158527,65.81189595270035,70.63214285714281
TATAPOWER,EQ,2018-08-29,74.85,74.45,77.65,74.4,76.9,76.9,76.53,5498653,420799018.1,21174,1968678,35.8,71.10357142857139,76.96287885492224,65.24426400222053,71.10357142857139
TATAPOWER,EQ,2018-08-30,76.9,77.0,77.4,75.7,76.15,76.1,76.64,3984371,305365396.85,14131,1410964,35.41,71.57857142857138,77.91888375838344,65.23825909875931,71.57857142857138
TATAPOWER,EQ,2018-08-31,76.1,75.5,77.6,74.35,76.45,76.7,76.2,8664078,660177289.95,31600,4393208,50.71,72.06428571428566,78.87507224645796,65.25349918211336,72.06428571428566
TATAPOWER,EQ,2018-09-03,76.7,77.0,79.0,76.25,78.5,78.2,78.22,9367421,732698211.35,21837,5315196,56.74,72.69642857142851,80.0436901529471,65.34916698990993,72.69642857142851
TATAPOWER,EQ,2018-09-04,78.2,78.85,78.85,72.75,74.0,73.35,75.58,6421244,485308209.95,22232,1973720,30.74,73.02499999999995,80.01474523581109,66.0352547641888,73.02499999999995
TATAPOWER,EQ,2018-09-05,73.35,73.5,75.35,72.7,75.15,74.9,74.2,4558713,338241708.9,17776,1244852,27.31,73.46428571428567,80.05850562749316,66.87006580107817,73.46428571428567
TATAPOWER,EQ,2018-09-06,74.9,75.35,75.8,73.6,74.7,75.05,74.84,3305924,247412337.2,13173,1027733,31.09,74.02857142857137,79.56192682814837,68.49521602899436,74.02857142857137
TATAPOWER,EQ,2018-09-07,75.05,74.95,75.95,73.85,75.5,75.2,75.19,3672000,276089914.85,28129,1510155,41.13,74.49642857142851,79.10035069295759,69.89250644989943,74.49642857142851
TATAPOWER,EQ,2018-09-10,75.2,75.35,75.8,73.5,73.95,73.8,74.41,2481496,184657722.25,9398,732725,29.53,74.76428571428565,78.63119236340106,70.89737906517024,74.76428571428565
TATAPOWER,EQ,2018-09-11,73.8,73.95,76.95,73.9,74.25,74.45,75.66,9600604,726351482.1,30630,2281963,23.77,74.9214285714285,78.5175192449063,71.32533789795072,74.9214285714285
TATAPOWER,EQ,2018-09-12,74.45,74.8,74.95,72.9,73.85,74.0,73.84,3114148,229951658.9,12336,732064,23.51,75.06071428571423,78.31226505689837,71.80916351453008,75.06071428571423
TATAPOWER,EQ,2018-09-14,74.0,74.15,76.5,74.15,76.0,76.2,75.82,3673610,278531745.6,14092,1355044,36.89,75.37857142857138,78.05516923627083,72.70197362087193,75.37857142857138
TATAPOWER,EQ,2018-09-17,76.2,75.95,78.7,75.1,77.8,77.9,77.31,4917413,380145785.25,19477,1133413,23.05,75.5428571428571,78.54102508161849,72.54468920409572,75.5428571428571
TATAPOWER,EQ,2018-09-18,77.9,77.9,78.95,74.05,75.0,74.6,76.97,5822581,448139751.0,23418,2169243,37.26,75.52499999999996,78.54385102952547,72.50614897047446,75.52499999999996
TATAPOWER,EQ,2018-09-19,74.6,75.25,77.35,74.8,75.3,75.55,76.01,5377830,408745156.35,16899,1533531,28.52,75.42857142857137,78.34265243840515,72.5144904187376,75.42857142857137
TATAPOWER,EQ,2018-09-21,75.55,75.55,76.5,68.25,72.75,72.9,73.24,11584620,848510418.05,40251,6084535,52.52,75.19999999999996,78.37732349869982,72.0226765013001,75.19999999999996
TATAPOWER,EQ,2018-09-24,72.9,72.8,72.9,68.1,68.75,69.1,69.59,5131356,357097957.0,24276,1803773,35.15,74.65714285714282,79.08239506948767,70.23189064479796,74.65714285714282
TATAPOWER,EQ,2018-09-25,69.1,69.0,71.3,68.0,70.25,70.3,69.88,6281761,438998308.75,25606,2797788,44.54,74.09285714285708,78.58624667088105,69.59946761483312,74.09285714285708
TATAPOWER,EQ,2018-09-26,70.3,70.7,70.95,68.9,70.05,70.25,69.96,3273684,229036338.4,14921,994646,30.38,73.87142857142852,78.80634565213137,68.93651149072568,73.87142857142852
TATAPOWER,EQ,2018-09-27,70.25,70.05,70.65,68.2,68.8,68.6,69.3,3697390,256219338.05,13201,1554159,42.03,73.4214285714285,79.05221131326117,67.79064582959585,73.4214285714285
TATAPOWER,EQ,2018-09-28,68.6,69.1,69.35,65.5,65.85,65.85,67.28,4314947,290297442.4,23668,899038,20.84,72.76428571428565,79.59570955184381,65.93286187672749,72.76428571428565
TATAPOWER,EQ,2018-10-01,65.85,66.45,68.4,64.8,67.75,67.95,67.03,5836832,391271612.0,33235,2322411,39.79,72.24642857142851,79.37518553349295,65.11767160936407,72.24642857142851
TATAPOWER,EQ,2018-10-03,67.95,67.7,69.25,66.35,67.5,67.5,67.89,3650280,247819321.4,23997,768543,21.05,71.7964285714285,79.28883131695049,64.30402582590652,71.7964285714285
TATAPOWER,EQ,2018-10-04,67.5,66.9,68.0,66.1,66.85,66.85,66.93,2925150,195774773.3,11166,800491,27.37,71.25357142857136,79.01426769845676,63.49287515868596,71.25357142857136
TATAPOWER,EQ,2018-10-05,66.85,67.5,67.5,62.3,62.4,62.85,64.48,3751740,241896583.75,16885,1536656,40.96,70.45714285714278,79.2266579865215,61.68762772776406,70.45714285714278
TATAPOWER,EQ,2018-10-08,62.85,62.85,65.3,60.35,61.75,61.5,62.63,4837741,302992891.55,34497,1336639,27.63,69.40714285714277,78.71808407560363,60.09620163868192,69.40714285714277
TATAPOWER,EQ,2018-10-09,61.5,61.95,62.4,59.8,61.2,60.95,61.14,4969265,303820670.65,20315,1932996,38.9,68.1964285714285,77.15148423725375,59.24137290560324,68.1964285714285
TATAPOWER,EQ,2018-10-10,60.95,61.3,65.45,61.25,65.2,65.0,63.2,5665257,358065103.25,19390,1952658,34.47,67.51071428571422,75.7989059388511,59.22252263257732,67.51071428571422
TATAPOWER,EQ,2018-10-11,65.0,62.8,63.9,61.6,62.4,62.25,62.89,5043513,317211168.55,25115,2138274,42.4,66.56071428571421,73.8706841447948,59.250744426633624,66.56071428571421
TATAPOWER,EQ,2018-10-12,62.25,63.1,72.1,62.95,69.55,68.85,68.67,29093448,1997873396.25,89556,8576558,29.48,66.2714285714285,72.77701366138349,59.76584348147351,66.2714285714285
TATAPOWER,EQ,2018-10-15,68.85,69.95,71.6,68.8,70.95,71.25,70.77,11621446,822435085.8,57269,3579454,30.8,66.42499999999993,73.30873221666674,59.54126778333312,66.42499999999993
TATAPOWER,EQ,2018-10-16,71.25,71.55,74.05,70.5,73.95,73.8,72.79,11095793,807678839.35,58564,4235167,38.17,66.67499999999993,74.37122784725928,58.978772152740575,66.67499999999993
TATAPOWER,EQ,2018-10-17,73.8,74.25,74.6,71.7,72.8,72.55,73.49,10862420,798235925.85,80567,5119982,47.13,66.83928571428564,74.95121222087819,58.727359207693084,66.83928571428564
TATAPOWER,EQ,2018-10-19,72.55,72.0,72.4,69.3,70.8,70.15,70.56,4497227,317311027.7,16083,1178662,26.21,66.94999999999992,75.20646599758254,58.693534002417294,66.94999999999992
TATAPOWER,EQ,2018-10-22,70.15,70.8,71.4,68.8,69.8,69.6,69.82,7954462,555353010.4,24956,3551582,44.65,67.21785714285707,75.56343240005975,58.87228188565439,67.21785714285707
TATAPOWER,EQ,2018-10-23,69.6,69.3,69.9,67.95,69.0,69.45,69.21,4377235,302960412.0,22530,1880139,42.95,67.32499999999992,75.7492096182558,58.90079038174403,67.32499999999992
TATAPOWER,EQ,2018-10-24,69.45,69.6,70.9,68.5,69.25,69.25,69.3,2743564,190121749.9,10721,963564,35.12,67.44999999999992,75.93709427488437,58.96290572511546,67.44999999999992
TATAPOWER,EQ,2018-10-25,69.25,68.8,69.9,67.55,69.0,69.0,68.95,9727241,670717250.3,23418,6539150,67.23,67.60357142857136,76.12164852159209,59.08549433555062,67.60357142857136
TATAPOWER,EQ,2018-10-26,69.0,68.9,70.75,68.0,69.0,68.9,69.28,5515389,382096252.9,27282,1724416,31.27,68.0357142857142,76.11764366041118,59.953784911017244,68.0357142857142
TATAPOWER,EQ,2018-10-29,68.9,69.2,86.1,68.35,78.4,77.6,78.35,44673883,3500283809.1,116037,10688444,23.93,69.1857142857142,77.82421741205174,60.547211159376666,69.1857142857142
TATAPOWER,EQ,2018-10-30,77.6,78.5,80.05,76.65,77.6,77.75,78.02,17409930,1358258205.75,60239,4928681,28.31,70.3857142857142,78.75943035918647,62.01199821224193,70.3857142857142
TATAPOWER,EQ,2018-10-31,77.75,78.2,79.0,74.65,76.3,76.55,76.13,9638641,733767338.15,30491,3451248,35.81,71.21071428571419,79.57457229976056,62.84685627166781,71.21071428571419
TATAPOWER,EQ,2018-11-01,76.55,76.3,77.7,75.3,76.15,76.35,76.37,9074632,693001917.1,27123,3193038,35.19,72.21785714285704,79.21825352095995,65.21746076475414,72.21785714285704
TATAPOWER,EQ,2018-11-02,76.35,77.2,77.4,75.3,75.95,76.0,76.62,7177611,549928941.05,32977,2436121,33.94,72.72857142857133,79.71379916955539,65.74334368758727,72.72857142857133
TATAPOWER,EQ,2018-11-05,76.0,74.9,75.85,73.25,75.7,75.3,74.63,4561329,340401236.6,20180,1148589,25.18,73.01785714285704,80.07439880430756,65.96131548140652,73.01785714285704
TATAPOWER,EQ,2018-11-06,75.3,75.45,77.1,75.0,75.5,75.65,76.04,4673161,355356425.3,14030,1322271,28.3,73.1499999999999,80.33770317438625,65.96229682561356,73.1499999999999
TATAPOWER,EQ,2018-11-07,75.65,76.45,76.5,75.5,75.85,75.95,76.03,437631,33274307.15,2458,187047,42.74,73.39285714285707,80.72160529315914,66.06410899255499,73.39285714285707
TATAPOWER,EQ,2018-11-09,75.95,76.45,77.1,75.0,75.9,75.9,76.07,8564873,651515639.8,24379,4117930,48.08,73.80357142857135,80.99260841187163,66.61453444527106,73.80357142857135
TATAPOWER,EQ,2018-11-12,75.9,75.85,76.4,74.15,74.3,74.55,75.05,3131624,235040225.45,10960,1157164,36.95,74.15714285714277,80.93049075594794,67.3837949583376,74.15714285714277
TATAPOWER,EQ,2018-11-13,74.55,74.05,76.5,73.1,76.35,76.05,74.7,5609725,419035435.35,19154,2077549,37.03,74.62857142857135,80.89001808934557,68.36712476779712,74.62857142857135
TATAPOWER,EQ,2018-11-14,76.05,76.3,78.75,75.5,77.9,77.95,77.51,5642238,437324456.2,21863,1596314,28.29,75.24999999999991,80.90998097305902,69.59001902694081,75.24999999999991
TATAPOWER,EQ,2018-11-15,77.95,78.0,78.4,75.9,76.5,76.7,76.84,3328106,255718652.2,17743,719072,21.61,75.79999999999993,80.20000000000064,71.39999999999921,75.79999999999993
TATAPOWER,EQ,2018-11-16,76.7,76.8,77.4,75.1,76.6,76.8,76.34,4743419,362121442.2,17943,1727070,36.41,76.36428571428563,78.27394882248547,74.45462260608579,76.36428571428563
TATAPOWER,EQ,2018-11-19,76.8,76.9,77.8,75.8,77.2,77.35,76.99,5660440,435807776.95,21880,2400977,42.42,76.34642857142849,78.21044585663984,74.48241128621714,76.34642857142849
TATAPOWER,EQ,2018-11-20,77.35,77.35,78.85,76.35,78.1,78.3,77.9,10567258,823193451.2,22638,4078868,38.6,76.3857142857142,78.39470506619334,74.37672350523506,76.3857142857142
TATAPOWER,EQ,2018-11-21,78.3,78.1,79.1,76.75,77.65,78.15,78.01,4999835,390046138.1,24912,1578793,31.58,76.49999999999991,78.72018710230391,74.27981289769592,76.49999999999991
TATAPOWER,EQ,2018-11-22,78.15,77.75,78.25,74.5,74.9,74.9,76.09,4807716,365806161.8,17293,1238571,25.76,76.3964285714285,78.77630067068036,74.01655647217665,76.3964285714285
TATAPOWER,EQ,2018-11-26,74.9,75.5,76.4,74.45,75.9,75.55,75.42,4950029,373322715.05,16441,1417743,28.64,76.36428571428564,78.7791208166135,73.94945061195779,76.36428571428564
TATAPOWER,EQ,2018-11-27,75.55,75.65,76.2,74.5,76.0,75.65,75.39,4127732,311196950.6,14234,1613012,39.08,76.38928571428565,78.76356408933017,74.01500733924112,76.38928571428565
TATAPOWER,EQ,2018-11-28,75.65,76.1,76.1,73.85,74.3,74.4,74.71,3949157,295060002.45,13734,1333138,33.76,76.29999999999994,78.87920679518213,73.72079320481775,76.29999999999994
TATAPOWER,EQ,2018-11-29,74.4,74.9,75.75,73.4,75.0,75.2,75.03,14742072,1106045305.95,19089,9508137,64.5,76.24642857142851,78.88736788151625,73.60548926134076,76.24642857142851
TATAPOWER,EQ,2018-11-30,75.2,75.2,76.5,73.75,75.95,76.1,75.53,8135493,614444109.15,33575,4439231,54.57,76.26071428571422,78.8957383175511,73.62569025387732,76.26071428571422
TATAPOWER,EQ,2018-12-03,76.1,76.9,83.15,76.75,82.1,82.55,80.88,29213251,2362791425.75,100080,7574695,25.93,76.83214285714278,80.9317877090896,72.73249800519596,76.83214285714278
TATAPOWER,EQ,2018-12-04,82.55,82.55,83.85,80.7,81.15,81.5,82.2,9652045,793377001.85,42258,2829403,29.31,77.2214285714285,81.98276553391453,72.46009160894248,77.2214285714285
TATAPOWER,EQ,2018-12-05,81.5,80.75,81.5,79.9,80.5,80.45,80.54,4817088,387991689.95,35398,1410617,29.28,77.39999999999993,82.45736325340867,72.3426367465912,77.39999999999993
TATAPOWER,EQ,2018-12-06,80.45,80.2,80.2,78.8,79.05,79.4,79.65,4685342,373205976.75,28275,2508378,53.54,77.59285714285707,82.74035199926142,72.44536228645272,77.59285714285707
TATAPOWER,EQ,2018-12-07,79.4,80.0,81.15,78.35,79.1,79.45,79.8,5677506,453078459.15,22939,2404088,42.34,77.7821428571428,82.99847919936335,72.56580651492226,77.7821428571428
TATAPOWER,EQ,2018-12-10,79.45,78.5,79.3,76.3,77.8,77.65,77.84,3040723,236688512.05,21412,929564,30.57,77.80357142857137,83.01472282736079,72.59242002978196,77.80357142857137
TATAPOWER,EQ,2018-12-11,77.65,76.1,80.15,75.85,79.2,79.15,78.77,3917069,308532725.2,25148,1033692,26.39,77.86428571428567,83.11996814401863,72.60860328455271,77.86428571428567
TATAPOWER,EQ,2018-12-12,79.15,79.35,79.95,77.75,78.85,79.1,79.12,4227632,334481532.2,20872,1429633,33.82,77.93214285714281,83.22809299966622,72.6361927146194,77.93214285714281
TATAPOWER,EQ,2018-12-13,79.1,79.25,81.3,77.5,78.75,78.7,79.53,5535207,440210413.5,25699,1137960,20.56,78.20357142857138,83.2117899488896,73.19535290825316,78.20357142857138
TATAPOWER,EQ,2018-12-14,78.7,78.75,79.85,78.15,79.3,79.3,79.21,1828782,144852836.7,10211,432613,23.66,78.47142857142852,83.26480770482587,73.67804943803117,78.47142857142852
TATAPOWER,EQ,2018-12-17,79.3,79.6,80.9,77.4,77.9,77.9,78.58,3358110,263891218.2,12971,1293110,38.51,78.6321428571428,83.16163716460409,74.1026485496815,78.6321428571428
TATAPOWER,EQ,2018-12-18,77.9,77.75,78.95,77.45,78.85,78.65,78.23,3915779,306347515.55,10530,1895675,48.41,78.93571428571423,82.75780162751545,75.113626943913,78.93571428571423
TATAPOWER,EQ,2018-12-19,78.65,78.8,80.3,78.6,79.3,79.5,79.64,3721346,296366647.45,9911,1508272,40.53,79.24285714285709,82.40607292208232,76.07964136363186,79.24285714285709
TATAPOWER,EQ,2018-12-20,79.5,76.05,80.9,76.05,80.5,80.25,78.99,9768078,771570627.9,29351,3595920,36.81,79.53928571428567,82.16612311414124,76.9124483144301,79.53928571428567
TATAPOWER,EQ,2018-12-21,80.25,80.5,80.65,76.05,76.15,76.45,77.63,7243377,562339467.1,22029,3114258,42.99,79.10357142857139,81.59955721678223,76.60758564036054,79.10357142857139
TATAPOWER,EQ,2018-12-24,76.45,76.8,78.65,76.1,76.85,76.8,77.47,5132728,397607873.0,12159,1298391,25.3,78.7678571428571,81.13643579579865,76.39927848991555,78.7678571428571
TATAPOWER,EQ,2018-12-26,76.8,76.6,76.7,74.85,75.95,75.95,75.82,4017872,304618578.35,10823,1428092,35.54,78.44642857142853,81.04212450174145,75.8507326411156,78.44642857142853
TATAPOWER,EQ,2018-12-27,75.95,76.7,77.7,75.5,77.35,77.0,76.84,12997320,998726443.1,22045,7231354,55.64,78.27499999999995,80.9160225292499,75.63397747075,78.27499999999995
TATAPOWER,EQ,2018-12-28,77.0,77.15,77.85,76.8,77.25,77.1,77.21,3477676,268501208.35,10431,1667902,47.96,78.10714285714279,80.72508601420947,75.48919970007611,78.10714285714279
TATAPOWER,EQ,2018-12-31,77.1,77.35,78.0,76.1,76.7,76.8,77.01,3602334,277401928.4,12428,1490145,41.37,78.04642857142849,80.74812726376665,75.34472987909034,78.04642857142849
TATAPOWER,EQ,2019-01-01,76.8,77.0,77.25,76.3,76.75,76.7,76.73,2153622,165247976.45,4832,904125,41.98,77.8714285714285,80.58257771345953,75.16027942939746,77.8714285714285
TATAPOWER,EQ,2019-01-02,76.7,76.8,76.95,74.4,74.5,74.85,75.5,2504768,189122472.3,10097,821131,32.78,77.56785714285706,80.61709592374373,74.5186183619704,77.56785714285706
TATAPOWER,EQ,2019-01-03,74.85,76.0,76.25,73.85,74.15,74.2,74.96,4583837,343619828.75,18710,894722,19.52,77.2464285714285,80.70307529815844,73.78978184469855,77.2464285714285
TATAPOWER,EQ,2019-01-04,74.2,74.3,75.55,73.7,75.1,75.05,74.78,3170169,237052519.7,12015,1005305,31.71,76.94285714285706,80.36896889792988,73.51674538778425,76.94285714285706
TATAPOWER,EQ,2019-01-07,75.05,75.45,75.75,74.25,74.8,74.7,74.96,1691362,126791933.4,8447,469203,27.74,76.71428571428564,80.28907534154027,73.139496087031,76.71428571428564
TATAPOWER,EQ,2019-01-08,74.7,74.75,75.5,74.55,75.0,74.95,75.0,1684121,126317240.65,10320,675254,40.1,76.44999999999992,79.9547220892794,72.94527791072043,76.44999999999992
TATAPOWER,EQ,2019-01-09,74.95,75.1,75.5,73.85,74.25,74.35,74.43,2006348,149323772.05,10277,649890,32.39,76.08214285714277,79.27506944881176,72.88921626547378,76.08214285714277
TATAPOWER,EQ,2019-01-10,74.35,74.25,75.1,73.9,74.9,74.9,74.58,1704653,127129910.3,9163,509279,29.88,75.69999999999992,77.85656421902426,73.54343578097557,75.69999999999992
TATAPOWER,EQ,2019-01-11,74.9,75.1,75.25,73.8,75.1,75.0,74.71,3214817,240191292.8,13804,1841064,57.27,75.59642857142849,77.7370482824607,73.45580886039627,75.59642857142849
TATAPOWER,EQ,2019-01-14,75.0,75.0,75.0,73.7,74.2,74.3,74.19,3702534,274701742.3,9790,2169020,58.58,75.41785714285706,77.54302035572464,73.29269392998948,75.41785714285706
TATAPOWER,EQ,2019-01-15,74.3,74.5,75.25,74.15,75.25,75.05,74.98,3099444,232406717.75,12029,1840894,59.39,75.35357142857133,77.46378989546734,73.24335296167531,75.35357142857133
TATAPOWER,EQ,2019-01-16,75.05,75.0,76.95,74.5,76.25,76.5,76.32,4222858,322305705.8,18136,1766475,41.83,75.31785714285705,77.32231645720198,73.31339782851212,75.31785714285705
TATAPOWER,EQ,2019-01-17,76.5,76.35,76.95,74.95,76.0,76.0,75.97,4496763,341604927.35,14496,2070617,46.05,75.23928571428563,77.01613624322857,73.46243518534268,75.23928571428563
TATAPOWER,EQ,2019-01-18,76.0,76.0,76.45,75.15,76.3,76.0,75.84,4009644,304086212.85,12529,2329798,58.1,75.18214285714278,76.78579596698616,73.5784897472994,75.18214285714278
TATAPOWER,EQ,2019-01-21,76.0,76.0,77.2,75.45,75.65,75.95,76.38,5188679,396336462.9,12197,2999949,57.82,75.12857142857135,76.5540075484572,73.7031353086855,75.12857142857135
TATAPOWER,EQ,2019-01-22,75.95,75.9,77.5,74.9,77.25,76.35,76.0,4074882,309696757.6,10875,2277047,55.88,75.2357142857142,76.79057196974495,73.68085660168344,75.2357142857142
TATAPOWER,EQ,2019-01-23,76.35,77.0,77.95,74.85,74.9,75.2,76.68,5394325,413660574.6,18404,1622748,30.08,75.30714285714278,76.74447860982588,73.86980710445968,75.30714285714278
TATAPOWER,EQ,2019-01-24,75.2,75.3,75.75,74.3,74.6,74.55,74.79,3700318,276736822.5,16547,2041774,55.18,75.27142857142849,76.76021449173085,73.78264265112612,75.27142857142849
TATAPOWER,EQ,2019-01-25,74.55,74.7,75.3,73.45,73.65,73.95,74.53,3724093,277563737.35,12694,1898450,50.98,75.21785714285706,76.84295223728726,73.59276204842685,75.21785714285706
TATAPOWER,EQ,2019-01-28,73.95,73.95,73.95,69.65,70.0,70.95,71.81,5766908,414092939.8,17135,2024405,35.1,74.93214285714278,77.73779844839244,72.12648726589312,74.93214285714278
TATAPOWER,EQ,2019-01-29,70.95,68.5,72.4,68.5,70.9,71.05,70.78,12562431,889192580.9,41506,4762338,37.91,74.69642857142848,78.1843118364385,71.20854530641847,74.69642857142848
TATAPOWER,EQ,2019-01-30,71.05,71.2,71.5,67.9,68.25,68.15,68.83,4846733,333608004.45,18888,2134174,44.03,74.21428571428564,79.14759924756018,69.2809721810111,74.21428571428564
TATAPOWER,EQ,2019-01-31,68.15,68.45,72.0,67.9,71.2,71.3,70.29,7442257,523125269.35,38708,3153299,42.37,73.94999999999992,79.09392845984532,68.80607154015452,73.94999999999992
TATAPOWER,EQ,2019-02-01,71.3,71.5,72.3,70.25,71.5,71.5,71.34,3343602,238534120.75,17233,1352078,40.44,73.74999999999991,79.0506530802279,68.44934691977193,73.74999999999991
TATAPOWER,EQ,2019-02-04,71.5,71.0,71.15,69.55,70.75,70.55,70.24,3028680,212743586.4,12722,1242302,41.02,73.42857142857135,78.9315376616719,67.9256051954708,73.42857142857135
TATAPOWER,EQ,2019-02-05,70.55,70.25,71.75,69.25,69.45,69.9,70.18,2916745,204711193.9,15256,1079966,37.03,72.95714285714278,78.45747251759352,67.45681319669205,72.95714285714278
TATAPOWER,EQ,2019-02-06,69.9,69.8,70.9,68.4,70.65,70.4,69.56,3066537,213306330.7,18015,1085990,35.41,72.5571428571428,77.91694439521119,67.1973413190744,72.5571428571428
TATAPOWER,EQ,2019-02-07,70.4,70.4,71.4,69.15,69.35,69.6,69.86,3536220,247032675.0,15094,667451,18.87,72.09999999999992,77.28370227065331,66.91629772934654,72.09999999999992
TATAPOWER,EQ,2019-02-08,69.6,69.05,70.35,68.05,68.2,68.75,69.34,2124482,147319105.25,21421,700393,32.97,71.5857142857142,76.54794526217472,66.62348330925369,71.5857142857142
TATAPOWER,EQ,2019-02-11,68.75,68.45,68.45,65.15,66.1,65.55,66.41,7041255,467630197.4,36905,3973055,56.43,70.81428571428563,75.94120240224564,65.68736902632563,70.81428571428563
TATAPOWER,EQ,2019-02-12,65.55,65.65,67.25,65.5,66.5,66.3,66.41,4213698,279823192.05,24979,1871619,44.42,70.17857142857135,75.16820904231562,65.18893381482707,70.17857142857135
TATAPOWER,EQ,2019-02-13,66.3,66.5,68.15,64.6,64.75,65.25,66.41,4469396,296805098.1,25032,1162354,26.01,69.51428571428563,74.47310514131647,64.5554662872548,69.51428571428563
TATAPOWER,EQ,2019-02-14,65.25,65.8,67.85,65.1,67.3,67.55,66.97,6828282,457290064.4,14305,3578211,52.4,69.05714285714278,73.39567453766159,64.71861117662397,69.05714285714278
TATAPOWER,EQ,2019-02-15,67.55,67.3,70.2,66.45,69.0,69.2,68.93,11110591,765889971.55,19933,5103578,45.93,68.93214285714278,73.13445122331534,64.72983449097022,68.93214285714278
TATAPOWER,EQ,2019-02-18,69.2,69.2,69.5,65.05,65.5,65.35,66.6,6717626,447385355.9,17532,2085504,31.05,68.5249999999999,72.9424043892844,64.1075956107154,68.5249999999999
TATAPOWER,EQ,2019-02-19,65.35,65.9,67.15,65.65,66.0,65.9,66.3,2892850,191809397.55,10063,784062,27.1,68.36428571428563,72.99884296165342,63.72972846691784,68.36428571428563
TATAPOWER,EQ,2019-02-20,65.9,66.45,67.95,65.8,67.7,66.9,66.54,5950455,395920545.7,13323,2701739,45.4,68.04999999999993,72.41595218269123,63.68404781730863,68.04999999999993
TATAPOWER,EQ,2019-02-21,66.9,67.7,68.15,66.85,67.4,67.45,67.59,3283026,221906943.3,16692,1305199,39.76,67.76071428571422,71.6529508528455,63.86847771858292,67.76071428571422
TATAPOWER,EQ,2019-02-22,67.45,67.5,67.95,66.75,67.15,67.1,67.23,3078805,207001896.0,10264,1597721,51.89,67.51428571428565,71.06792492618662,63.96064650238468,67.51428571428565
TATAPOWER,BL,2019-02-25,1147.0,67.1,67.1,67.1,67.1,67.1,67.1,17787259,1193525078.9,1,0,0.0,67.31428571428565,70.59416108045293,64.03441034811836,67.31428571428565
TATAPOWER,EQ,2019-02-25,67.1,67.1,67.45,66.4,66.65,66.55,66.83,3161336,211275537.8,14160,1275706,40.35,67.03928571428564,69.81089412580805,64.26767730276323,67.03928571428564
TATAPOWER,EQ,2019-02-26,66.55,66.3,67.15,64.05,66.55,66.15,66.13,10552247,697833602.8,21952,4816382,45.64,66.79285714285707,69.16897457807417,64.41673970763998,66.79285714285707
TATAPOWER,EQ,2019-02-27,66.15,66.55,67.95,65.15,65.35,65.5,66.42,4724311,313779998.0,12133,1106461,23.42,66.56071428571421,68.7400503071928,64.38137826423562,66.56071428571421
TATAPOWER,EQ,2019-02-28,65.5,65.9,66.25,65.1,65.55,65.45,65.47,9665743,632787532.85,21959,4781194,49.47,66.55357142857136,68.74778209292633,64.35936076421639,66.55357142857136
TATAPOWER,EQ,2019-03-01,65.45,66.0,67.75,65.6,67.2,67.05,67.09,11001198,738063306.0,21348,5547168,50.42,66.60714285714279,68.81128481224695,64.40300090203863,66.60714285714279
TATAPOWER,EQ,2019-03-05,67.05,67.85,69.65,67.2,69.2,69.15,68.89,13327374,918158500.8,33585,6048325,45.38,66.88571428571422,69.32432314873874,64.44710542268969,66.88571428571422
TATAPOWER,EQ,2019-03-06,69.15,70.0,72.15,69.2,71.55,71.3,70.82,11046556,782371586.15,31075,2851172,25.81,67.15357142857137,70.54438805036706,63.76275480677568,67.15357142857137
TATAPOWER,EQ,2019-03-07,71.3,73.0,73.95,70.35,70.6,70.55,71.7,12534795,898800631.2,33312,2147540,17.13,67.24999999999993,70.95384415688208,63.54615584311777,67.24999999999993
TATAPOWER,EQ,2019-03-08,70.55,70.45,70.75,68.85,70.15,70.0,69.79,6200799,432753673.55,15990,1926441,31.07,67.58214285714278,71.38469405395843,63.779591660327135,67.58214285714278
TATAPOWER,EQ,2019-03-11,70.0,71.2,72.1,70.3,71.8,71.7,71.44,5319324,379987013.8,21453,1597778,30.04,67.9964285714285,72.24694243823056,63.745914704626436,67.9964285714285
TATAPOWER,EQ,2019-03-12,71.7,72.1,74.0,71.95,73.2,73.35,72.91,8901828,649058450.95,37042,4039006,45.37,68.45714285714278,73.51691742537477,63.397368288910805,68.45714285714278
TATAPOWER,EQ,2019-03-13,73.35,73.0,74.45,72.15,74.15,73.8,73.67,7408808,545798094.25,21856,1878915,25.36,68.91071428571422,74.67148060378658,63.149947967641864,68.91071428571422
TATAPOWER,EQ,2019-03-14,73.8,74.15,74.15,72.75,73.0,73.05,73.2,3962991,290095498.85,13310,1449622,36.58,69.33571428571422,75.39140818248913,63.280020388939306,69.33571428571422
TATAPOWER,EQ,2019-03-15,73.05,73.0,74.75,72.8,73.65,73.8,73.89,7751928,572780389.35,21999,3314258,42.75,69.81428571428565,76.16086911633191,63.467702312239375,69.81428571428565
TATAPOWER,EQ,2019-03-18,73.8,74.1,74.7,72.7,73.0,73.05,73.24,5296795,387959518.75,11954,2693146,50.84,70.27857142857137,76.54701673769029,64.01012611945245,70.27857142857137
TATAPOWER,EQ,2019-03-19,73.05,73.45,74.3,72.7,73.15,73.0,73.17,5567624,407390654.3,14625,2047689,36.78,70.76785714285708,76.7089276424663,64.82678664324786,70.76785714285708
TATAPOWER,EQ,2019-03-20,73.0,73.2,73.85,71.7,72.1,72.05,72.38,5050030,365513036.45,15309,2587121,51.23,71.23571428571424,76.36608068010243,66.10534789132605,71.23571428571424
TATAPOWER,EQ,2019-03-22,72.05,73.0,73.8,72.0,72.25,72.55,72.97,3913385,285576558.05,19546,1129928,28.87,71.74285714285709,75.67279296986545,67.81292131584873,71.74285714285709
TATAPOWER,EQ,2019-03-25,72.55,72.45,73.15,70.55,72.1,71.9,72.13,4332510,312493937.0,10833,1203149,27.77,72.08928571428567,74.94563587904919,69.23293554952214,72.08928571428567
TATAPOWER,EQ,2019-03-26,71.9,72.45,73.0,70.85,71.55,71.3,71.62,3789439,271417625.75,10191,1677607,44.27,72.24285714285709,74.60729141992167,69.87842286579252,72.24285714285709
TATAPOWER,EQ,2019-03-27,71.3,71.45,72.9,71.1,71.3,71.4,72.14,4812399,347157152.15,15797,1761006,36.59,72.24999999999996,74.60273981038975,69.89726018961017,72.24999999999996
TATAPOWER,EQ,2019-03-28,71.4,71.9,72.65,71.1,71.5,71.55,71.69,9265724,664268995.0,19452,4264255,46.02,72.32142857142853,74.50659333751676,70.13626380534029,72.32142857142853
TATAPOWER,EQ,2019-03-29,71.55,72.4,74.55,72.0,73.65,73.8,73.58,9504154,699352340.75,30402,2415601,25.42,72.59285714285708,74.45621108456982,70.72950320114435,72.59285714285708
TATAPOWER,EQ,2019-04-01,73.8,74.2,76.0,73.7,74.3,74.4,74.9,7267624,544323445.2,21065,1790779,24.64,72.78571428571423,74.80349241311998,70.76793615830849,72.78571428571423
TATAPOWER,EQ,2019-04-02,74.4,75.5,77.0,73.1,74.3,74.05,75.12,12971969,974430592.0,36667,2179318,16.8,72.83571428571423,74.94628423113514,70.72514434029333,72.83571428571423
TATAPOWER,EQ,2019-04-03,74.05,74.55,74.55,71.05,71.3,71.45,72.6,6417056,465894507.1,20503,2196045,34.22,72.66785714285709,74.8214256100449,70.51428867566928,72.66785714285709
TATAPOWER,EQ,2019-04-04,71.45,71.5,72.4,70.25,70.65,70.75,70.97,6416069,455362006.1,22126,2280399,35.54,72.50357142857138,74.871778892755,70.13536396438775,72.50357142857138
TATAPOWER,EQ,2019-04-05,70.75,71.0,72.7,70.5,72.4,71.95,71.77,7793935,559336553.85,20400,2782839,35.71,72.37142857142852,74.63203240012963,70.11082474272742,72.37142857142852
TATAPOWER,EQ,2019-04-08,71.95,73.0,73.55,70.75,71.8,71.9,72.04,8540124,615243266.0,24801,2338701,27.38,72.28928571428568,74.52713446542494,70.05143696314643,72.28928571428568
TATAPOWER,EQ,2019-04-09,71.9,71.9,73.0,70.75,72.9,72.6,71.74,7591689,544624569.9,23973,2707383,35.66,72.26071428571424,74.46950043736966,70.05192813405883,72.26071428571424
TATAPOWER,EQ,2019-04-10,72.6,72.6,73.2,70.6,71.05,70.9,71.67,6360330,455842735.7,20322,2196951,34.54,72.1785714285714,74.50359062972281,69.85355222742,72.1785714285714
TATAPOWER,EQ,2019-04-11,70.9,71.4,73.15,70.6,73.15,72.7,72.06,9396530,677129774.45,24959,2913650,31.01,72.18928571428569,74.52304417895958,69.8555272496118,72.18928571428569
TATAPOWER,EQ,2019-04-12,72.7,73.05,74.6,71.9,72.8,73.25,72.92,11615133,847001878.4,21035,3766965,32.43,72.28571428571426,74.67879037870037,69.89263819272816,72.28571428571426
TATAPOWER,EQ,2019-04-15,73.25,73.0,73.2,71.2,71.35,71.35,71.7,11147566,799314490.25,26922,4929088,44.22,72.2892857142857,74.67616606365519,69.9024053649162,72.2892857142857
TATAPOWER,EQ,2019-04-16,71.35,71.75,71.95,71.1,71.4,71.45,71.46,8590291,613835578.75,15166,3369704,39.23,72.29285714285713,74.67414869379286,69.9115655919214,72.29285714285713
TATAPOWER,EQ,2019-04-18,71.45,71.75,71.75,70.0,70.5,70.55,70.66,7272249,513858216.45,27740,2957592,40.67,72.22142857142856,74.75389902405284,69.68895811880428,72.22142857142856
TATAPOWER,EQ,2019-04-22,70.55,70.0,70.2,69.0,69.2,69.2,69.57,7738634,538409542.95,14789,2959866,38.25,71.89285714285714,74.71961313702394,69.06610114869034,71.89285714285714
TATAPOWER,EQ,2019-04-23,69.2,69.5,69.7,68.1,68.2,68.25,68.81,4138151,284752931.85,16938,1138209,27.51,71.45357142857144,74.50453956891889,68.40260328822399,71.45357142857144
TATAPOWER,EQ,2019-04-24,68.25,68.35,68.5,67.5,67.65,67.8,67.98,7350305,499642441.95,19413,3330942,45.32,71.00714285714287,74.24486692550722,67.76941878877851,71.00714285714287
TATAPOWER,EQ,2019-04-25,67.8,68.0,69.55,67.4,67.85,67.7,68.47,6836123,468056860.9,16795,2322531,33.97,70.73928571428573,74.41062556013833,67.06794586843313,70.73928571428573
TATAPOWER,EQ,2019-04-26,67.7,68.1,68.2,67.15,67.65,67.9,67.79,4838776,328015119.65,13845,2065785,42.69,70.5357142857143,74.50820208817112,66.5632264832575,70.5357142857143
TATAPOWER,EQ,2019-04-30,67.9,67.9,68.1,66.55,67.7,67.8,67.31,5128196,345174595.5,14530,2502851,48.81,70.23928571428573,74.37323122608367,66.10534020248778,70.23928571428573
TATAPOWER,EQ,2019-05-02,67.8,67.55,68.2,66.25,66.4,66.6,66.88,8983855,600852390.95,20586,3357761,37.38,69.8607142857143,74.29904012590958,65.422388445519,69.8607142857143
TATAPOWER,EQ,2019-05-03,66.6,65.6,68.15,65.4,66.95,66.95,67.17,10461436,702730451.0,29168,1052043,10.06,69.45714285714286,73.84976904601596,65.06451666826975,69.45714285714286
TATAPOWER,EQ,2019-05-06,66.95,66.65,67.0,65.6,65.8,65.85,66.14,3484887,230489058.6,11356,1403744,40.28,69.09642857142858,73.79724098660178,64.39561615625537,69.09642857142858
TATAPOWER,EQ,2019-05-07,65.85,66.5,66.5,64.1,64.45,64.35,65.01,6153618,400031493.75,23858,2346311,38.13,68.5,73.34783853501204,63.65216146498795,68.5
TATAPOWER,EQ,2019-05-08,64.35,64.0,64.8,63.2,64.65,64.5,64.29,6615929,425371066.0,23860,3208086,48.49,67.875,72.32467587410869,63.425324125891315,67.875
TATAPOWER,EQ,2019-05-09,64.5,64.1,64.95,63.9,64.45,64.4,64.43,5987301,385753051.8,19977,3447645,57.58,67.37857142857142,71.70731512369032,63.04982773345252,67.37857142857142
TATAPOWER,EQ,2019-05-10,64.4,64.4,65.3,63.6,63.8,63.8,64.47,5801249,373994345.9,29118,2949787,50.85,66.83214285714284,70.86844107416212,62.795844640123555,66.83214285714284
TATAPOWER,EQ,2019-05-13,63.8,63.8,64.3,61.75,62.5,62.6,63.2,5045201,318860512.0,32892,2607155,51.68,66.2642857142857,70.28431797045843,62.24425345811298,66.2642857142857
